SKU,Scanned_OH_Count,Description,DRS Cost
S002374351,0,Jewelry ( 2bracelets),0.6
S002374402,0,MT S Sleeve,3.25
S002374616,0,WT T-Shirt L/S,2.1
S002374645,0,Jewelry,0.4
S002374671,0,WB Denim,6.5
S002374704,0,WT S Sleeve,1.8
S002374801,0,MA Shorts,5.2
S002374816,0,WB Denim,13.2
S002374894,0,WA Pants,4.2
S002374931,0,WB Pants,4.5
S002374970,0,WB Denim,7.26
S002374971,0,WB Denim,4.8
S002374976,0,WT T-Shirt L/S,1.5
S002374978,0,WA Shorts,3
S002374997,0,MT LW Sweatshirt,3.25
S002375122,0,MT L Sleeve / Switch Remarkable,2.4
S002375144,0,MT LW Sweatshirt,4.55
S002375158,0,MT T-Shirt,2.1
S002375173,0,WA Tank,6.5
S002375241,0,MB Denim,6.18
S002375268,0,WD Dress Short,2.4
S002375298,0,WD Dress Short,2.4
S002375321,0,MO Light,9.5
S002375325,0,MT L Sleeve,2.4
S002375327,0,MA Pants,3
S002375335,0,WB Denim,3.9
S002375367,0,MT T-Shirt,1.5
S002375407,0,Purse Small,11.4
S002375422,0,WT T-Shirt,3.25
S002375428,0,WA Shorts,2.1
S002375431,0,WA Tank,3
S002375480,0,MA Pants,5.2
S002375548,0,WT T-Shirt,1.5
S002375651,0,WA Shorts,3
S002375762,0,WT T-Shirt,2.4
S002375886,0,MA Pants,5.2
S002375904,0,WA Short Sleeve,2.1
S002375967,0,Purse Small,4.9
S002375973,0,WD Dress Short,1.8
S002376107,0,Purse Large,2.4
S002376203,0,WT T-Shirt,1.5
S002376299,0,WA Short Sleeve,2.1
S002376473,0,MA Jacket,2.4
S002376626,0,Jewelry / small gold hoops w/ pearls,0.8
S002376631,0,Jewelry ( 2goldbracelets),1.5
S002376642,0,Jewelry / skull,0.8
S002376645,0,Jewelry / ring w/ heart,0.8
S002376646,0,Jewelry / ring w/ little dimonds,0.8
S002376748,0,WB Shorts,3.6
S002376796,0,WB Shorts,2.4
S002376816,0,WA Shorts,2.1
S002376824,0,WA Pants,9.5
S002376825,0,WA Pants,9.5
S002376836,0,WB Pants,3.9
S002376853,0,WB Denim,4.8
S002376875,0,Bralette,1.3
S002376908,0,MA Pants,10
S002376923,0,MT LW Sweatshirt,2.4
S002376966,0,MT S Sleeve,1.25
S002377013,0,earrings/Betsey Johnson,1.5
S002377130,0,WT LW Sweater,3.9
S002377162,0,MT T-Shirt/loiter,1.8
S002377172,0,WT T-Shirt/rollingstones,1.8
S002377199,0,WO Light,3.3
S002377340,0,WT LW Sweatshirt,2.4
S002377357,0,MT T-Shirt,1.07
S002377358,0,MT LW Sweatshirt,3.25
S002377359,0,MB Denim,6.5
S002377360,0,MB Pants,3.9
S002377361,0,MB Denim,4.2
S002377362,0,MB Denim,4.2
S002377453,0,WT T-Shirt,2.4
S002377505,0,WT T-Shirt,1.8
S002377510,0,WD Dress Long,4.67
S002377516,0,W Boots Syn,4.9
S002377546,0,M Athletic Shoe / white blue,15.2
S002377610,0,MB Shorts,3.9
S002377907,0,MT T-Shirt,1.8
S002378026,0,MB Denim,6.18
S002378039,0,WT T-Shirt L/S,2.4
S002378085,0,W Athletic Shoe/921733-104,6.84
S002378135,0,WD Dress Short,3.96
S002378144,0,MT T-Shirt/SELENA,1.8
S002378276,0,WA Skirt,3.6
S002378319,0,WT Long Sleeve,3
S002378407,0,WD Dress Short,2.7
S002378408,0,WB Skirt Short,1.95
S002378410,0,WB Skirt Short/white,2.6
S002378411,0,WB Skirt Short/white,2.6
S002378412,0,WD Jumpsuit,3
S002378413,0,WT Long Sleeve,2.4
S002378414,0,WT Long Sleeve,2.4
S002378437,0,Sports Bra,4.2
S002378443,0,Jewelry/gold thick,9.5
S002378447,0,Jewelry/gold thin,8.36
S002378474,0,MT T-Shirt/buc-cees,1.8
S002378484,0,WB Denim,3.9
S002378485,0,Hat,2.4
S002378527,0,WT Long Sleeve,3.9
S002378550,0,WT T-Shirt/nhl,1.8
S002378567,0,WO Light,7.22
S002378575,0,WB Pants,3.3
S002378607,0,Hat,2.4
S002378647,0,WD Romper,2.4
S002378648,0,WD Romper,2.4
S002378658,0,MO Light,12
S002378667,0,Purse Small,2.4
S002378694,0,WT LW Sweater,3.25
S002378793,0,W Athletic Shoe/833875-441,7.6
S002378834,0,WD Dress Short,2.4
S002378886,0,Coin Purse,2.92
S002378954,0,M Athletic Shoe/blkpink,13.3
S002379081,0,Jewelry,0.6
S002379084,0,Jewelry,0.6
S002379115,0,WB Skirt Short,1.33
S002379127,0,MT T-Shirt,2.6
S002379220,0,MT T-Shirt,2.6
S002379254,0,Jewelry,0.6
S002379328,0,Purse Small,4.9
S002379390,0,WD Dress Long,7.2
S002379444,0,WT Long Sleeve,4.55
S002379458,0,WB Pants,5.95
S002379489,0,WA Tank,2.4
S002379542,0,WT LW Sweatshirt,3
S002379718,0,WT Long Sleeve,2.4
S002379724,0,Jewelry/studs,0.6
S002379725,0,Jewelry/studs,0.6
S002379726,0,Jewelry/studs,0.6
S002379727,0,Jewelry/studs,0.6
S002379728,0,Jewelry/studs,0.6
S002379761,0,MB Pants,5.61
S002379912,0,WT T-Shirt,1.8
S002380108,0,WA Pants,3
S002380157,0,MO Light/21men,4.8
S002380199,0,WT T-Shirt,1.8
S002380238,0,WT T-Shirt/Popular Poison,1.8
S002380244,0,MT T-Shirt/bunny&clyde,1.8
S002380279,0,MT L Sleeve,2.4
S002380309,0,WA Pants,1.8
S002380370,0,MO Light,4.8
S002380400,0,WT Long Sleeve,2.4
S002380421,0,MB Shorts,5.6
S002380503,0,WT Long Sleeve,1.8
S002380526,0,WT T-Shirt L/S,2.1
S002380557,0,WB Shorts,1.8
S002380613,0,WT T-Shirt/cowboys,1.2
S002380678,0,WA Jacket,9.5
S002380723,0,W Casual Shoe Syn,2.8
S002380797,0,WA Tank,3
S002380860,0,MA Pants,3.6
S002380871,0,WB Skirt Short,3.25
S002381014,0,W Athletic Shoe,13.3
S002381054,0,M Boots Leather,7.6
S002381061,0,Purse Small,4
S002381093,0,WT T-Shirt,1.2
S002381121,0,MT T-Shirt/sportsillustrated,1.8
S002381139,0,Necklace/ShellPhone,0.8
S002381280,0,WT Long Sleeve,4.55
S002381281,0,WD Dress Short,3.96
S002381286,0,Jewelry,0.6
S002381287,0,Jewelry,0.6
S002381288,0,Jewelry,0.6
S002381306,0,WA Pants,3
S002381308,0,WA Pants,3
S002381309,0,WA Pants,3
S002381456,0,WD Dress Short/blashe,3.96
S002381576,0,WA Pants,4.2
S002381592,0,MB Shorts,3.9
S002381661,0,WA Pants/asis,4.2
S002381696,0,MB Denim,6.18
S002381801,0,Jewelry/turtlejamesavery,2
S002381853,0,Jewelry / Necklace Gold Bees,2
S002381854,0,Jewelry / Earrings Gold Bees,1.5
S002381966,0,WT Long Sleeve,2.4
S002381970,0,WT Long Sleeve,2.4
S002381995,0,MB Shorts,2.4
S002382048,0,MB Shorts,2.4
S002382100,0,WB Shorts / 2pc,3
S002382187,0,MT T-Shirt,2.6
S002382219,0,WT LW Sweater,2.7
S002382319,0,WD Dress Short,4.62
S002382330,0,MA Long Sleeve,2.4
S002382455,0,WT Long Sleeve,3
S002382500,0,W Sandals Syn/melissa,1.2
S002382530,0,WA Pants,3.6
S002382618,0,WB Denim,3.9
S002382647,0,W Athletic Shoe,7.6
S002382718,0,WO Light,3.9
S002382843,0,Purse Small / Embassy Black,6.3
S002382868,0,MT T-Shirt/theoffice,1.8
S002382883,0,Beanie/Stranger Things,1.6
S002382884,0,Hat/widebrim buckle,2.4
S002383025,0,WD Dress Long,3.96
S002383125,0,WT S Sleeve,1.33
S002383296,0,WD Dress Short,5.6
S002383300,0,Jewelry / cross,0.6
S002383301,0,Jewelry / cross,0.6
S002383302,0,Jewelry / cross,0.6
S002383306,0,Jewelry / silver,0.6
S002383314,0,Jewelry / keychain short,0.4
S002383382,0,W Sandals Syn/visionreast,2.64
S002383443,0,WB Denim,6.5
S002383508,0,WT T-Shirt L/S,3
S002383550,0,Jewelry/earings,7.6
S002383578,0,WA Shorts,2.97
S002383666,0,MT T-Shirt,2.1
S002383773,0,WB Denim,5.85
S002383836,0,WA Shorts,2.7
S002383881,0,W Sandals Syn / Hot Pink,2.64
S002384002,0,WB Skirt Long,3
S002384017,0,Jewelry / mushrooms,0.6
S002384035,0,WT T-Shirt,1.5
S002384063,0,WB Denim,4.8
S002384105,0,Purse Small,0.8
S002384155,0,Baseball Hat,4.9
S002384222,0,WB Shorts,1.8
S002384230,0,WT T-Shirt,1.5
S002384253,0,W Sandals Flips,2.64
S002384311,0,MB Shorts/ oneill,3.9
S002384323,0,MA Long Sleeve,4.8
S002384330,0,WB Skirt Long/2pc,1.8
S002384340,0,WT S Sleeve,2.1
S002384396,0,MB Denim,4.8
S002384463,0,WB Denim,3.9
S002384510,0,Purse Large,14
S002384523,0,WD Dress Short,4.9
S002384540,0,WT Long Sleeve,3.9
S002384592,0,WB Denim,4.8
S002384624,0,WT Long Sleeve,3
S002384638,0,WB Black,4.8
S002384641,0,WB Skirt Short,4
S002384662,0,MT S Sleeve,1
S002384674,0,WB Denim,3.9
S002384736,0,WA Tank,2.4
S002384814,0,W Boots Leather,8.8
S002384824,0,WB Shorts,1.8
S002384844,0,WA Tank,3
S002384921,0,MT T-Shirt L/S,1.8
S002384922,0,Jewelry,0.6
S002384923,0,Jewelry,0.6
S002384924,0,Jewelry,0.6
S002384925,0,Jewelry,0.6
S002384926,0,Jewelry,0.6
S002384927,0,Jewelry,0.6
S002384928,0,Jewelry,0.6
S002384929,0,Jewelry,0.6
S002384938,0,WT Long Sleeve/liveinthemoment,3
S002385002,0,WT T-Shirt,1.8
S002385014,0,WT T-Shirt L/S,3
S002385056,0,M Casual Shoe Syn/As Is,4.2
S002385074,0,Coin Purse,0.6
S002385148,0,WA Shorts,3
S002385169,0,WA Shorts,6.5
S002385229,0,WT LW Sweater,2.4
S002385254,0,WT S Sleeve,1.8
S002385404,0,WO Light,5.2
S002385447,0,WT Long Sleeve,3.25
S002385448,0,WT Long Sleeve,3.25
S002385490,0,MT T-Shirt/playstation,1.8
S002385538,0,MT S Sleeve,2.1
S002385636,0,MT S Sleeve,3.25
S002385641,0,MT T-Shirt,1.8
S002385734,0,W Boots Syn / Purple,4.9
S002385736,0,WD Dress Short,4.2
S002385882,0,MT LW Sweater,4.55
S002385920,0,WT LW Sweatshirt,4.88
S002385933,0,M Athletic Shoe / Black White,11.4
S002386165,0,Beanie/pinkpompom,1.6
S002386174,0,WA Jacket,2.4
S002386367,0,WT Long Sleeve,3
S002386403,0,WT Long Sleeve,2.4
S002386428,0,MT L Sleeve,2.4
S002386461,0,W Boots Syn,4.9
S002386506,0,WD Dress Short,2.45
S002386549,0,WT Long Sleeve,2.4
S002386559,0,WA Tank,3.6
S002386668,0,WT Long Sleeve,2.4
S002386695,0,MA Short Sleeve,3
S002386721,0,MA Short Sleeve,3
S002386724,0,MA Pants,5.85
S002386875,0,MT S Sleeve,2.1
S002386884,0,MT T-Shirt,2.1
S002386988,0,MB Shorts,2.4
S002387075,0,WO Light,5.2
S002387117,0,WD Dress Short,3.96
S002387194,0,WT Long Sleeve,2.4
S002387240,0,MT T-Shirt,1.5
S002387347,0,WT Long Sleeve,2.4
S002387393,0,MT LW Sweater,3.25
S002387480,0,WO Denim,3.9
S002387483,0,WA Tank,6.08
S002387484,0,WD Dress Short,4.62
S002387490,0,Jewelry/Silver Rowing Bracelet,3
S002387491,0,Jewelry/Silver BikeChain Bracelet,0.8
S002387497,0,Jewelry / Silver Pearl,0.6
S002387499,0,Jewelry / Silver Torch,0.6
S002387501,0,Jewelry / Silver Abalone,0.6
S002387546,0,MT L Sleeve/10deep,3
S002387575,0,WT T-Shirt,2.4
S002387585,0,WA Shorts,2.4
S002387599,0,WT LW Sweater,3
S002387607,0,WB Skirt Short/rock&rags,2.4
S002387631,0,WB Skirt Short,1.65
S002387634,0,WB Skirt Short,1.65
S002387650,0,WD Dress Short,3
S002387668,0,MA Pants,5.85
S002387669,0,MT T-Shirt,2.6
S002387710,0,MT LW Sweatshirt,4.55
S002387781,0,WT Long Sleeve,4.55
S002387820,0,Jewelry / Black Gem Necklace,1.5
S002387848,0,WD Dress Short,2.4
S002387919,0,WB Shorts,2.4
S002387973,0,MT L Sleeve,2.4
S002387978,0,W Athletic Shoe / Red,8.36
S002387981,0,W Sandals Syn / Tan Clear Stud,4.9
S002388002,0,WD Dress Short,5.6
S002388027,0,MA Short Sleeve,3
S002388032,0,WA Jacket,3
S002388033,0,W Casual Shoe Syn,4.9
S002388041,0,Hat/Patriots,1.6
S002388067,0,WT Long Sleeve,1.8
S002388194,0,WT Long Sleeve,2.4
S002388275,0,WT S Sleeve,2.1
S002388281,0,WA Tank,1.33
S002388335,0,WB Pants,3.9
S002388356,0,WD Dress Short,2.45
S002388361,0,WA Short Sleeve,7.6
S002388380,0,WT LW Sweater,2.4
S002388476,0,W Athletic Shoe,9.5
S002388478,0,M Boots Leather,5.6
S002388513,0,MT T-Shirt,1.5
S002388526,0,W Athletic Shoe,8.36
S002388578,0,M Casual Shoe Syn / Black,3.5
S002388672,0,WT T-Shirt L/S,1.8
S002388677,0,WD Dress Short/jgee,3
S002388685,0,W Dress Shoe Syn,3.33
S002388727,0,WB S/S BodySuit,3.57
S002388767,0,WO Light,3.9
S002388865,0,WD Dress Short,5.6
S002389003,0,WT Long Sleeve,3.25
S002389010,0,MB Shorts,1.87
S002389028,0,WT Long Sleeve,3.25
S002389036,0,MT T-Shirt,3.25
S002389041,0,WA Jacket / Talbots,3
S002389080,0,WT S Sleeve,2.4
S002389082,0,WD Dress Short,2.45
S002389122,0,WB Pants,3.3
S002389150,0,WT Long Sleeve,3
S002389168,0,W Sandals Flips,2.64
S002389180,0,MB Denim,4.2
S002389189,0,MA Short Sleeve,3.6
S002389190,0,MA Short Sleeve,3.6
S002389211,0,WD Dress Short,4.62
S002389293,0,W Dress Shoe Syn,1.8
S002389350,0,WD Dress Short,4.62
S002389381,0,MT LW Sweatshirt,4.55
S002389412,0,WT Long Sleeve/klassynetwork,3
S002389419,0,WO Heavy,9.5
S002389423,0,WB Denim,3.9
S002389467,0,WD Dress Short,2.45
S002389490,0,WA Pants,3
S002389509,0,WD Dress Short,4.62
S002389523,0,WT Long Sleeve,2.4
S002389547,0,Hat/blackcowboy,3
S002389587,0,Hat,2.4
S002389613,0,Purse Large / Brown,2.4
S002389636,0,WA Short Sleeve,3
S002389665,0,MO Denim,4.5
S002389683,0,WD Dress Short,3.96
S002389705,0,WA Pants,3.6
S002389731,0,WA Pants,4.2
S002389744,0,W Athletic Shoe,10
S002389754,0,MA Shorts,3
S002389763,0,MA Short Sleeve,3.3
S002389764,0,MA Short Sleeve,3.3
S002389782,0,WT S Sleeve,2.1
S002389784,0,WT Long Sleeve,3
S002389802,0,WD Dress Short,1.98
S002389866,0,MT L Sleeve,4.55
S002389894,0,MT T-Shirt,1.07
S002389902,0,WT T-Shirt L/S,3
S002389952,0,WT LW Sweatshirt,5.2
S002389960,0,WA Skirt,3.3
S002389987,0,MO Light,4.5
S002390065,0,M Casual Shoe Syn,4.2
S002390199,0,WA Pants,9.5
S002390211,0,WB Denim,2.7
S002390228,0,Purse Large,4.2
S002390240,0,Earrings/silver,0.8
S002390241,0,Earrings/gold,1.5
S002390252,0,Sports Bra / 2 pc,1.5
S002390297,0,MT S Sleeve,2.1
S002390298,0,WD Dress Short,3.96
S002390390,0,W Athletic Shoe / Green,11.4
S002390434,0,MO Light,9.5
S002390481,0,WT S Sleeve/heroes&dreamers,1.8
S002390631,0,WT T-Shirt,1.5
S002390642,0,MA Jacket,4.8
S002390660,0,MT T-Shirt,2.1
S002390710,0,WT LW Sweatshirt,3.6
S002390731,0,W Athletic Shoe,6.84
S002390749,0,WT T-Shirt,1.5
S002390751,0,WA Pants,2.4
S002390760,0,MB Denim/schaefer,3.3
S002390794,0,MT S Sleeve,3.25
S002390837,0,MT T-Shirt/ledzeppelin,2.6
S002390838,0,MT T-Shirt/korn,1.8
S002390896,0,Jewelry/necklace,2
S002390897,0,Jewelry/rings,0.8
S002390934,0,MT T-Shirt,1.5
S002391049,0,WT LW Sweater,5.2
S002391180,0,W Sandals Flips,1.3
S002391245,0,WA Long Sleeve,6.5
S002391257,0,WB Pants/youngUSA,3.3
S002391302,0,WO Light,3.9
S002391338,0,WT LW Sweater,1.87
S002391354,0,WT LW Sweater/alsionandrews,1.87
S002391355,0,WT Long Sleeve,3
S002391372,0,WT HW Sweater,4.55
S002391393,0,W Athletic Shoe,7.6
S002391442,0,WD Dress Long,4.55
S002391549,0,MT HW Sweater/luomo,3.73
S002391558,0,WB Denim,6.5
S002391815,0,M Casual Shoe Syn / Black,7.6
S002391876,0,WT T-Shirt,1.8
S002391989,0,WT Long Sleeve,3
S002392001,0,WD Dress Short,4.9
S002392010,0,Necklace/skull lady,0.8
S002392160,0,MA Short Sleeve,2.7
S002392225,0,MA Shorts,4.2
S002392283,0,MO Light,8.05
S002392310,0,MA Tank,3.6
S002392317,0,MA Shorts,3
S002392365,0,MT L Sleeve,3.6
S002392427,0,MT T-Shirt,1.8
S002392436,0,WB Overalls,4.8
S002392490,0,WB Shorts,1.33
S002392491,0,WT Long Sleeve,2.4
S002392514,0,M Athletic Shoe / Black and White,17.1
S002392560,0,Jewelry / Silver Gem,3
S002392574,0,WT Long Sleeve,1.8
S002392732,0,WT Long Sleeve,3.9
S002392786,0,WT S Sleeve,1.07
S002392797,0,WB Denim,6.6
S002392807,0,MA Pants,5.85
S002392852,0,MT L Sleeve,3
S002392883,0,WB Denim,4.8
S002392913,0,Jewelry,0.4
S002392915,0,Jewelry,0.4
S002392924,0,Jewelry/cuff,0.8
S002392932,0,WT LW Sweater,2.4
S002393001,0,MT T-Shirt,1.07
S002393061,0,WT Long Sleeve,3.6
S002393065,0,MT T-Shirt,1.8
S002393077,0,Baseball Hat / brixton,1.8
S002393081,0,Jewelry / Necklace,1.65
S002393084,0,Jewelry,0.8
S002393114,0,Belt,1.8
S002393127,0,MT LW Sweatshirt,7.6
S002393145,0,WT Long Sleeve,3.9
S002393164,0,WD Dress Short,3.96
S002393184,0,WA Jacket,4.8
S002393189,0,WD Dress Short,2.4
S002393192,0,WT Long Sleeve/olivebellsleeve,3
S002393240,0,MB Denim,14
S002393264,0,Earring set/Halloween,0.8
S002393277,0,WD Dress Short,4.9
S002393294,0,W Dress Shoe Syn,2.67
S002393368,0,WA Pants,4.2
S002393478,0,WD Dress Short,1.98
S002393481,0,Jewelry/butterfly,0.6
S002393486,0,Pin,0.25
S002393490,0,Pin,0.25
S002393540,0,WD Dress Short,2.45
S002393574,0,MT LW Sweatshirt,4.55
S002393656,0,WT Long Sleeve,3.25
S002393687,0,WT LW Cardigan/ as is,1.87
S002393781,0,WD Dress Short,4.62
S002393803,0,MT T-Shirt,2.6
S002393895,0,MA Short Sleeve,6.5
S002393902,0,WB Shorts,1.8
S002393940,0,MT LW Sweatshirt,3.25
S002393992,0,Baseball Hat / Punisher Marvel,2.4
S002393997,0,Purse Small / Black Tan Buckle,14
S002394050,0,WB Skirt Short,2.6
S002394057,0,Coin Purse,2.1
S002394062,0,WT Long Sleeve,1.8
S002394090,0,MB Denim,7.7
S002394163,0,MA Shorts,2.4
S002394186,0,WA Long Sleeve,3.3
S002394214,0,M Athletic Shoe,9.5
S002394241,0,Jewelry / ring,1
S002394242,0,Jewelry / ring,1
S002394243,0,Jewelry / ring,1
S002394244,0,Jewelry / ring,1
S002394245,0,Jewelry / ring,1
S002394246,0,Jewelry / ring,1
S002394247,0,Jewelry / ring,1
S002394248,0,Jewelry / ring,1
S002394256,0,WT LW Sweater,3.9
S002394282,0,MT LW Sweatshirt,3.9
S002394285,0,MO Light,4.8
S002394358,0,MT S Sleeve,1
S002394368,0,MT L Sleeve,3.6
S002394392,0,WT Long Sleeve,1.8
S002394439,0,Jewelry/knot,0.8
S002394441,0,Jewelry/abalone,1.5
S002394442,0,Jewelry/green asis,1.5
S002394486,0,MT T-Shirt/ALI,1.8
S002394530,0,Sports Bra,2.4
S002394719,0,MT T-Shirt / RatsGetFat,1.8
S002394779,0,WT Long Sleeve,2.4
S002394812,0,W Sandals Syn / Tan Yellow,2.64
S002394833,0,WD Dress Long,4.67
S002394857,0,WA Tank,1.33
S002394901,0,WT Long Sleeve / AsIs,3.6
S002395025,0,MT T-Shirt,1.8
S002395029,0,MT T-Shirt,1.5
S002395137,0,MT S Sleeve,2.4
S002395179,0,WA Short Sleeve,4.8
S002395208,0,WT T-Shirt L/S,1.8
S002395212,0,WT T-Shirt L/S,1.8
S002395215,0,WT T-Shirt L/S,1.8
S002395251,0,MT LW Sweatshirt,3
S002395257,0,WO Light,3.9
S002395282,0,WA Shorts,2.7
S002395388,0,WT S Sleeve/theNow,1.8
S002395432,0,M Athletic Shoe,13.3
S002395461,0,WA Pants,3.6
S002395538,0,WT S Sleeve,1.8
S002395598,0,WD Dress Long,4.67
S002395607,0,WB Skirt Short,1.33
S002395671,0,WT S Sleeve/2pc w/Shorts,3
S002395736,0,WA Shorts,3
S002395743,0,WT T-Shirt,1.8
S002395778,0,WA Pants / christmas,2.4
S002395792,0,Scarf,1.4
S002395885,0,MA Long Sleeve,2.1
S002395925,0,WT T-Shirt,1.5
S002395926,0,WT T-Shirt,1.5
S002395932,0,WT Long Sleeve / Jolie&Joy,3
S002395969,0,Purse Large,14
S002396015,0,WA Shorts,5.25
S002396102,0,W Boots Syn,6.84
S002396162,0,MA Pants,4.2
S002396208,0,MT L Sleeve,4.55
S002396234,0,WT T-Shirt L/S,1.33
S002396305,0,WD Dress Long / Alredine,3.6
S002396373,0,pin/saltlake Olympics,0.25
S002396374,0,pin/barcelona Olympics,0.25
S002396460,0,WB Skirt Short,2.6
S002396481,0,MT LW Sweatshirt,4.55
S002396547,0,WT HW Sweater,4.55
S002396580,0,WA Shorts,3.3
S002396611,0,WO Light,2.7
S002396649,0,MT LW Sweatshirt,3.25
S002396661,0,WD Dress Long,4.55
S002396672,0,Jewelry,0.8
S002396690,0,WO Light,5.2
S002396811,0,WA Pants,9.5
S002396818,0,MT T-Shirt,1.8
S002396876,0,MT T-Shirt L/S,3.25
S002396890,0,MB Denim,4.2
S002396940,0,WO Leather,10
S002396946,0,Backpack,4.67
S002397008,0,WD Dress Short,1.98
S002397028,0,MA Shorts,6.5
S002397049,0,WO Light,9.5
S002397156,0,MA Short Sleeve,2.4
S002397257,0,WT Long Sleeve,1.8
S002397282,0,WT Long Sleeve,2.4
S002397313,0,WT T-Shirt,1.5
S002397370,0,WT LW Sweater/orange,3.25
S002397376,0,WD Dress Short,3.96
S002397399,0,WT Long Sleeve,1.8
S002397402,0,WT T-Shirt L/S,1.33
S002397499,0,Sports Bra,2.4
S002397500,0,WT Long Sleeve,3.9
S002397510,0,MT L Sleeve,4.55
S002397542,0,Jewelry / Elephant Ring,0.8
S002397595,0,WD Dress Short / Julie Billiart,3.96
S002397667,0,WA Pants,5.85
S002397701,0,WA Short Sleeve,3
S002397903,0,WD Dress Short,4.2
S002397947,0,WT LW Sweatshirt/bratz,3
S002397970,0,MB Denim,4.8
S002398071,0,Bracelets,0.4
S002398146,0,WA Pants,9.5
S002398158,0,WA Pants,7
S002398164,0,WA Pants,12
S002398166,0,WT Long Sleeve,2.4
S002398262,0,WD Dress Short,1.8
S002398285,0,WD Dress Short,4.62
S002398286,0,WD Dress Short / Hyfve,3.96
S002398290,0,WD Dress Short,2.45
S002398304,0,WT Long Sleeve,1.5
S002398359,0,WB Shorts/2pc,1.8
S002398375,0,WO Denim / Darcy Galen,4.55
S002398460,0,W Casual Shoe Syn / Black,1.8
S002398500,0,WT S Sleeve,2.4
S002398550,0,MA Pants/ASIS,4.2
S002398609,0,WT LW Sweatshirt,3
S002398661,0,MT T-Shirt,1.5
S002398694,0,MO Light,3.6
S002398774,0,Jewelry/earrings,0.6
S002398790,0,M Athletic Shoe,13.3
S002398939,0,WO Light,9.5
S002399004,0,MT T-Shirt,1.8
S002399023,0,MT LW Sweatshirt,3.25
S002399061,0,Jewelry/bracelet,0.6
S002399062,0,Jewelry/bracelet,0.6
S002399064,0,Purse Small/blackcrossbody,4
S002399080,0,WD Dress Short,2.45
S002399104,0,Jewelry/circle,0.6
S002399149,0,MB Pants,3.9
S002399153,0,WT T-Shirt,2.1
S002399227,0,WD Dress Short,1.8
S002399242,0,WT LW Sweatshirt,5.2
S002399253,0,WT Long Sleeve,3.6
S002399267,0,WT Long Sleeve,3
S002399325,0,WD Dress Long,2.4
S002399383,0,Jewelry / Black Watch,0.8
S002399396,0,MT LW Sweatshirt,8.36
S002399410,0,Jewelry/kendra scott,3.6
S002399416,0,Jewelry/kendra scott,2
S002399434,0,WT Long Sleeve,1.5
S002399479,0,W Athletic Shoe,11.4
S002399506,0,WT Long Sleeve,2.4
S002399532,0,MA Long Sleeve,2.4
S002399544,0,WA Pants,4.2
S002399549,0,M Athletic Shoe,7.6
S002399645,0,WT Long Sleeve,2.4
S002399651,0,WD Dress Long,3
S002399697,0,M Athletic Shoe / White Grey,7.6
S002399725,0,MT LW Sweatshirt,4.55
S002399738,0,Purse Small / Black,2.92
S002399747,0,Jewelry / Gold Heart Earrings,0.6
S002399760,0,Purse Small / Black KurtGeiger,9.5
S002399787,0,Jewelry / Gold Purple Ring,0.6
S002399790,0,MT L Sleeve,2.4
S002399797,0,MT L Sleeve,2.4
S002399801,0,WT T-Shirt L/S,2.7
S002399869,0,Jewelry/brooch,0.8
S002399870,0,Jewelry/bow,0.8
S002399887,0,WO Light,5.2
S002399908,0,WT LW Cardigan,2.4
S002399910,0,Sports Bra,4.2
S002399913,0,WT LW Sweatshirt,5.2
S002399915,0,MT LW Sweatshirt,4.55
S002399934,0,WT Long Sleeve,2.4
S002399939,0,WT Long Sleeve,3.9
S002399957,0,WD Dress Long,3
S002399959,0,WT Long Sleeve,2.4
S002399973,0,WT S Sleeve,1.8
S002399978,0,WB Skirt Short,2.6
S002400006,0,Purse Large/brown asis,3.25
S002400027,0,WA Shorts,0.9
S002400052,0,WT Long Sleeve,1.5
S002400065,0,MA Tank,2.4
S002400097,0,WA Tank,1.6
S002400100,0,WD Dress Short,1.98
S002400179,0,WB F/W BodySuit,3
S002400244,0,WT Long Sleeve,3
S002400258,0,MB Pants,3.9
S002400282,0,MA Jacket,5.4
S002400287,0,MT T-Shirt,1.8
S002400342,0,W Dress Shoe Syn / Yellow,3.33
S002400348,0,WB Skirt Long / Flowers,1.8
S002400351,0,WT T-Shirt,1.8
S002400393,0,WA Tank,4.8
S002400395,0,MT T-Shirt,1.5
S002400422,0,WA Jacket,2.4
S002400436,0,W Dress Shoe Syn,4.2
S002400465,0,WD Dress Short,3
S002400526,0,WB Skirt Short / Tan,1.33
S002400531,0,WT Long Sleeve,2.4
S002400582,0,WT T-Shirt / CVLA,1.2
S002400637,0,WT Long Sleeve/joliejoy,1.8
S002400646,0,WA Tank,3
S002400683,0,W Athletic Shoe,5.25
S002400710,0,WB Pants,3.3
S002400719,0,MT LW Sweatshirt,6.3
S002400774,0,WT Long Sleeve,3
S002400779,0,WT Long Sleeve,3.9
S002400781,0,WT Long Sleeve,2.4
S002400794,0,WT LW Sweatshirt,4.88
S002400875,0,WT Long Sleeve,2.4
S002400895,0,WO Light,5.52
S002400908,0,WT LW Cardigan,2.4
S002400943,0,WT Long Sleeve / Handmade Reference,1.5
S002400952,0,MT LW Sweatshirt,4.55
S002400954,0,WT Long Sleeve,3.9
S002401063,0,WT Long Sleeve,3
S002401064,0,WD Dress Short,3.96
S002401129,0,MT LW Sweater,3.25
S002401175,0,MT LW Sweatshirt,4.55
S002401176,0,MT LW Sweatshirt,6.3
S002401181,0,WA Pants,2.4
S002401216,0,WD Dress Long / Jesse J,2.4
S002401245,0,WT T-Shirt L/S,3
S002401259,0,WT LW Sweater,1.25
S002401416,0,WA Pants  AsIs,2.4
S002401418,0,WA Pants,2.4
S002401420,0,WT T-Shirt,1.2
S002401494,0,W Boots Syn,16
S002401684,0,WA Pants,7
S002401686,0,WA Pants,3.6
S002401701,0,WT Long Sleeve / Black Brown,1.5
S002401725,0,WT HW Sweater/ BrownSnowman,2.13
S002401732,0,Jewelry / Green Bulb Earrings,0.6
S002401733,0,Jewelry / Red Flower Earrings,0.6
S002401734,0,Jewelry / Mistletoe Earrings,0.6
S002401735,0,Wallet / Green,4
S002401760,0,MB Denim,6.18
S002401807,0,WT Long Sleeve / Tan,1.5
S002401832,0,MB Denim,3
S002401866,0,WO Light,9.5
S002401879,0,Jewelry / SilverBelieve Bracelet,0.8
S002401883,0,Jewelry / GoldGreenSnowflake Bracelet,0.8
S002401884,0,Jewelry / GoldWhiteDeer Bracelet,0.8
S002401890,0,Jewelry / GoldBallHeart Bracelet,0.8
S002401912,0,Jewelry / Gold Ring,0.4
S002401958,0,WT Long Sleeve,3.6
S002401969,0,MT LW Sweatshirt,4.55
S002402061,0,MT T-Shirt,2.6
S002402107,0,Belt/darkbrown,2.4
S002402250,0,WT LW Cardigan/umgee,1.6
S002402305,0,WT LW Sweater,3.25
S002402358,0,Jewelry/necklace,0.8
S002402435,0,Jewelry,0.8
S002402436,0,Jewelry,1.5
S002402444,0,MT T-Shirt,1.8
S002402451,0,WB Denim,6.6
S002402477,0,MT T-Shirt,1.8
S002402501,0,M Athletic Shoe,22
S002402532,0,Jewelry/big gold hoops,1
S002402534,0,Jewelry/crown ring,1
S002402536,0,Jewelry/ silver ring,0.4
S002402548,0,Jewelry/ gold heart necklace,0.8
S002402600,0,WT Long Sleeve,1.5
S002402613,0,MT L Sleeve,1.8
S002402614,0,MT L Sleeve,2.4
S002402617,0,Baseball Hat/dog,2.4
S002402644,0,MT T-Shirt,1.07
S002402668,0,M Athletic Shoe,18
S002402695,0,Belt/cavanders,3.6
S002402704,0,MT T-Shirt,2.6
S002402729,0,Jewelry,0.8
S002402901,0,MT S Sleeve,2.4
S002402915,0,WA Long Sleeve,3.3
S002402929,0,WB Pants,3.9
S002402943,0,MB Pants,2.7
S002402996,0,MA Short Sleeve/OGIO,3.3
S002403008,0,WT LW Sweater/vest,2.4
S002403034,0,MB Pants,3.3
S002403049,0,MT S Sleeve,2.4
S002403081,0,MT S Sleeve,2.1
S002403090,0,MA Pants/asru,5.2
S002403240,0,MA Jacket,8.36
S002403257,0,W Boots Syn/solesociety,4.9
S002403286,0,WT Long Sleeve,2.4
S002403290,0,Purse Small,4
S002403404,0,Jewelry / Gem Bracelet,0.8
S002403405,0,Jewelry / Gem Bracelet,0.8
S002403406,0,Jewelry / Gem Bracelet,0.8
S002403407,0,Jewelry / Gem Bracelet,0.8
S002403408,0,Jewelry / Gem Bracelet,0.8
S002403411,0,Jewelry / Gem Bracelet,0.8
S002403412,0,WA Pants,7
S002403458,0,WB Skirt Long,2.4
S002403611,0,WT Long Sleeve,2.4
S002403615,0,MT T-Shirt L/S,1.8
S002403679,0,WT LW Sweatshirt,3.6
S002403729,0,WA Shorts,2.1
S002403741,0,WA Pants/Powersoft,3
S002403755,0,W Boots Syn,3.3
S002403761,0,WT Long Sleeve,4.55
S002403791,0,WT Long Sleeve,2.4
S002403828,0,WO Light,9.5
S002403832,0,Hat/younglife,1.6
S002403839,0,WA Short Sleeve,2.7
S002403843,0,WT Long Sleeve,3
S002403915,0,MT S Sleeve,1.25
S002403919,0,MO Light,4.55
S002403921,0,WT Long Sleeve,1.8
S002403944,0,WT Long Sleeve,1.5
S002403970,0,WT T-Shirt L/S,2.1
S002403980,0,MT T-Shirt,1.07
S002403986,0,WT Long Sleeve,2.4
S002403990,0,WD Romper,2.4
S002403996,0,Jewelry / Gold Ring,0.4
S002404015,0,WA Shorts/missposh/2pc,1.6
S002404043,0,WT Long Sleeve,2.4
S002404061,0,WB Shorts,2.4
S002404065,0,WT Long Sleeve,3
S002404067,0,WT LW Sweater / Cherry Koko,2.4
S002404069,0,WT LW Cardigan,4.62
S002404099,0,WB Skirt Long / Denim,1.8
S002404133,0,WT Long Sleeve,3.9
S002404165,0,MB Denim,3.9
S002404191,0,M Casual Shoe Leather/john,6.08
S002404215,0,Sports Bra,6.5
S002404261,0,WT Long Sleeve,2.4
S002404266,0,WT Long Sleeve,3.6
S002404275,0,WT Long Sleeve,2.4
S002404293,0,WT Long Sleeve,2.4
S002404305,0,WT Long Sleeve / Carly Jean,3
S002404358,0,Jewelry/heartbluegold,0.8
S002404396,0,MT T-Shirt/deathnote,1.8
S002404405,0,MT S Sleeve/rugby,2.1
S002404439,0,Jewelry / WildFable Earring Set,0.8
S002404505,0,WA Pants,4.2
S002404533,0,MA Pants,4.2
S002404546,0,WT Long Sleeve,1.5
S002404606,0,WA Pants,2.4
S002404792,0,WT HW Sweater,3
S002404904,0,WA Pants,10
S002404919,0,WT LW Sweatshirt/gildan,2.4
S002404973,0,WT Long Sleeve,2.4
S002404982,0,WB Denim,3.9
S002405023,0,WT Long Sleeve,1.5
S002405067,0,MT L Sleeve,2.4
S002405069,0,WT Long Sleeve,1.5
S002405094,0,M Athletic Shoe,5.6
S002405096,0,MO Denim,3.3
S002405109,0,WT Long Sleeve,3
S002405114,0,WD Dress Short,1.8
S002405173,0,Halloween Army,1.65
S002405187,0,WT Long Sleeve,4.55
S002405191,0,WA Pants,5.2
S002405210,0,WT Long Sleeve,2.4
S002405211,0,WD Dress Short,2.45
S002405244,0,WT Long Sleeve,3.25
S002405263,0,WA Pants,4.2
S002405266,0,WB Denim,3.9
S002405274,0,MT T-Shirt,2.6
S002405284,0,WA Tank,2.4
S002405291,0,MT Tank/Joker,0.6
S002405300,0,Hat orange and black/Callaway,2.4
S002405321,0,MB Denim,6.18
S002405327,0,WT Long Sleeve,3.9
S002405351,0,WB Skirt Short,2.6
S002405361,0,W Boots Syn,18
S002405368,0,WT T-Shirt L/S,2.1
S002405371,0,WD Dress Short,3.96
S002405382,0,WT Long Sleeve,3
S002405402,0,WT Long Sleeve,1.8
S002405404,0,WT Long Sleeve,3.6
S002405423,0,WB Skirt Long,3.9
S002405432,0,WB Pants,2.7
S002405505,0,WT T-Shirt L/S,1.8
S002405535,0,WT T-Shirt L/S,1.8
S002405627,0,Jewelry Z Necklace,0.8
S002405655,0,MO Light,4.2
S002405736,0,WA Shorts,3
S002405752,0,Jewelry / Gold Watch,0.8
S002405829,0,WA Jacket,2.4
S002405891,0,MA Short Sleeve,3
S002405893,0,MT T-Shirt,1.8
S002406002,0,WT T-Shirt / ELF,1.8
S002406014,0,WD Dress Short,4.62
S002406059,0,MA Long Sleeve,2.7
S002406174,0,WT Long Sleeve / Beverly&Beck,3
S002406176,0,WT Long Sleeve,3
S002406178,0,WA Shorts,3
S002406185,0,WT Long Sleeve / Black,1.5
S002406221,0,WT Long Sleeve,3.9
S002406233,0,WT Long Sleeve,2.4
S002406239,0,MA Long Sleeve,3.6
S002406256,0,WB Pants,3.9
S002406279,0,WT LW Sweatshirt,5.2
S002406286,0,WT LW Sweater,3.9
S002406292,0,MT T-Shirt / Selena,1.8
S002406302,0,WB Pants,3.3
S002406319,0,WT Long Sleeve,2.4
S002406323,0,WT T-Shirt L/S,1.8
S002406408,0,WD Dress Short,3.96
S002406415,0,WB Shorts,2.4
S002406416,0,WB Shorts,2.4
S002406423,0,WT Long Sleeve,4.55
S002406433,0,Jewelry/bracelet.,0.6
S002406444,0,WT Long Sleeve,2.4
S002406520,0,WD Jumpsuit,1.8
S002406620,0,WT LW Sweater,2.4
S002406623,0,WB Denim,4.8
S002406990,0,WA Tank,3.6
S002407011,0,WT T-Shirt L/S,1.8
S002407060,0,WO Light,9.5
S002407061,0,WT T-Shirt L/S,1.8
S002407066,0,WB Denim,4.8
S002407125,0,WT Long Sleeve,3
S002407158,0,WT Long Sleeve,1.5
S002407175,0,WT Long Sleeve/maddennyc,3
S002407231,0,WD Dress Short,4.62
S002407252,0,MB Denim,6.18
S002407265,0,WT Long Sleeve,3
S002407271,0,WT LW Sweater,3.9
S002407277,0,MT LW Sweatshirt,2.4
S002407282,0,WT Long Sleeve,3.25
S002407310,0,WT T-Shirt L/S,2.4
S002407328,0,Holiday/haloween ref,1.2
S002407357,0,MT T-Shirt Stars,3
S002407400,0,WT Long Sleeve,2.4
S002407416,0,WT LW Sweater,4.62
S002407495,0,WB Denim,3.9
S002407498,0,WT Long Sleeve,2.4
S002407504,0,WT Long Sleeve,3.6
S002407539,0,Purse Small,4
S002407642,0,WB S/S BodySuit,2.4
S002407676,0,WT T-Shirt L/S,2.1
S002407678,0,WT T-Shirt L/S,1.8
S002407679,0,WT Long Sleeve,2.4
S002407680,0,WT Long Sleeve/le lis,3
S002407682,0,WA Long Sleeve,3.3
S002407683,0,WT Long Sleeve,2.4
S002407697,0,WT Long Sleeve/marthea,3
S002407773,0,WA Short Sleeve,7.6
S002407777,0,M Athletic Shoe,11.4
S002407827,0,WA Short Sleeve,3.6
S002407830,0,WB Pants,4.5
S002407831,0,WT LW Sweater / Cardigan,2.4
S002407847,0,M Athletic Shoe / Blazer '77,11.4
S002407849,0,M Athletic Shoe / Boost,15.2
S002407854,0,WA Pants,5.85
S002407860,0,Jewelry,0.8
S002407861,0,Jewelry,0.8
S002407863,0,Jewelry,0.8
S002407867,0,Jewelry / Kate Spade,9.5
S002407884,0,WA Short Sleeve,2.7
S002407885,0,Sports Bra,1.5
S002407903,0,Hat,2.4
S002407944,0,WT Long Sleeve,3
S002407948,0,WT Long Sleeve,3
S002407954,0,WT Long Sleeve,2.4
S002407999,0,WT Long Sleeve,2.4
S002408009,0,WT T-Shirt L/S,2.1
S002408042,0,MT T-Shirt/looneytunes,1.8
S002408045,0,MT T-Shirt/rootswear,1.8
S002408064,0,WT Long Sleeve,2.4
S002408066,0,WT T-Shirt L/S/barbie,1.8
S002408068,0,WT Long Sleeve,3
S002408076,0,WT T-Shirt L/S,2.1
S002408088,0,WT Long Sleeve,1.5
S002408094,0,WT Long Sleeve,3
S002408095,0,WT Long Sleeve,3
S002408118,0,WT LW Sweater,3.9
S002408122,0,WT LW Sweater,3.9
S002408188,0,Ring/purple,0.8
S002408199,0,WT Long Sleeve,3
S002408221,0,WB Denim,6
S002408222,0,WT LW Sweater / Grey Pearl,2.4
S002408255,0,WA Shorts,3
S002408266,0,WT T-Shirt L/S,2.1
S002408293,0,WT Long Sleeve,3.9
S002408325,0,M Athletic Shoe / Gel-Kayano,13.3
S002408335,0,MO Denim / Nevstudio,3.3
S002408375,0,M Athletic Shoe,6.3
S002408378,0,WB Denim,4.8
S002408400,0,WT T-Shirt L/S,1.8
S002408485,0,WB Denim,6.5
S002408504,0,WA Shorts,3
S002408545,0,WT LW Sweater,3.9
S002408610,0,Hat,1
S002408620,0,MA Shorts,4.2
S002408621,0,MT T-Shirt,2.6
S002408662,0,Wallet / Brown,0.6
S002408686,0,WT T-Shirt,1.8
S002408731,0,WT LW Sweatshirt,3.6
S002408825,0,Jewelry/STUDS,0.6
S002408827,0,Jewelry/STUDS,0.6
S002408828,0,Jewelry/STUDS,0.6
S002408829,0,Jewelry/STUDS,0.6
S002408830,0,Jewelry/STUDS,0.6
S002408831,0,Jewelry/STUDS,0.6
S002408832,0,Jewelry/STUDS,0.6
S002408833,0,Jewelry/STUDS,0.6
S002408834,0,Jewelry/STUDS,0.6
S002408835,0,Jewelry/STUDS,0.6
S002408836,0,Jewelry/STUDS,0.6
S002408837,0,Jewelry/STUDS,0.6
S002408838,0,Jewelry/STUDS,0.6
S002408839,0,Jewelry/STUDS,0.6
S002408840,0,Jewelry/STUDS,0.6
S002408841,0,Jewelry/STUDS,0.6
S002408885,0,WT T-Shirt,1.8
S002408911,0,WT Long Sleeve / Heather,1.5
S002408917,0,MB Shorts,4.67
S002408964,0,Headband/Columbia,2.1
S002408985,0,MB Pants,7
S002409018,0,WT Long Sleeve,3.9
S002409023,0,WT Long Sleeve / SohoApparel,3
S002409032,0,WT Long Sleeve,2.4
S002409086,0,Jewelry(earrings),0.4
S002409087,0,Jewelry (ring),0.4
S002409101,0,WT T-Shirt L/S,3
S002409117,0,WT T-Shirt L/S,1.8
S002409171,0,MT T-Shirt,4.55
S002409176,0,MT T-Shirt,4.55
S002409187,0,M Athletic Shoe,17.1
S002409211,0,WT Long Sleeve,1.8
S002409227,0,WT Long Sleeve,3
S002409258,0,WT LW Sweater,3.25
S002409265,0,WT Long Sleeve,3.9
S002409267,0,WT Long Sleeve,3
S002409272,0,WA Pants,4.2
S002409314,0,WT Long Sleeve/beinour,1.8
S002409315,0,WT Long Sleeve,3
S002409331,0,WT LW Sweater,2.4
S002409332,0,WT Long Sleeve,3.25
S002409348,0,WT LW Sweater,3
S002409368,0,W Athletic Shoe,18
S002409384,0,WO Light,4.5
S002409389,0,WA Long Sleeve,3
S002409398,0,MA Pants,4.2
S002409416,0,WT Long Sleeve/newburycustom,2.4
S002409435,0,WA Shorts,2.97
S002409437,0,WA Pants,3.6
S002409442,0,WT Long Sleeve,1.5
S002409462,0,WT Long Sleeve,2.4
S002409466,0,MA Jacket,5.4
S002409528,0,WT T-Shirt L/S,1.8
S002409545,0,WT Long Sleeve,2.4
S002409547,0,WT Long Sleeve,2.4
S002409609,0,WT Long Sleeve,3
S002409614,0,WB Denim,5.85
S002409635,0,WT S Sleeve,1.8
S002409639,0,WT Long Sleeve,2.4
S002409650,0,WT Long Sleeve,3
S002409662,0,WB F/W BodySuit,2.1
S002409664,0,WT Long Sleeve,4.55
S002409666,0,WT Long Sleeve,3
S002409719,0,WT Long Sleeve,2.4
S002409722,0,WB Denim,6.5
S002409727,0,WT T-Shirt L/S,2.1
S002409732,0,WB Pants,4.5
S002409744,0,WT T-Shirt,1.8
S002409755,0,WT Long Sleeve,2.4
S002409768,0,Double Layer Socks,1.65
S002409781,0,W Boots Syn/maddennyc,4.9
S002409810,0,MB Denim,5.85
S002409813,0,WT T-Shirt L/S,2.4
S002409822,0,WT T-Shirt L/S,2.4
S002409887,0,Hat,1.6
S002409902,0,WT Long Sleeve,3.6
S002409903,0,WT Long Sleeve / Urban Flamingo,3
S002409904,0,WA Pants,2.4
S002409906,0,WB Pants,4.5
S002409933,0,MB Pants / Black12AM Nation,4.5
S002409934,0,MB Pants / Black12AM Nation,4.5
S002409937,0,MB Denim / TR,6.5
S002409943,0,MB Pants / White12AM Nation,4.5
S002409958,0,WB Pants / Stylive,2.7
S002409975,0,MB Shorts,4.67
S002410023,0,WT T-Shirt L/S,1.8
S002410027,0,WT Long Sleeve,3
S002410036,0,WT Long Sleeve,3.9
S002410048,0,WT Long Sleeve,4.55
S002410049,0,WT Long Sleeve,3
S002410077,0,WT Long Sleeve,3
S002410090,0,WT T-Shirt L/S,1.8
S002410094,0,WT Long Sleeve,3.9
S002410098,0,WB Shortalls,3
S002410101,0,WT Long Sleeve,2.4
S002410103,0,WT Long Sleeve,1.8
S002410112,0,WT Long Sleeve,2.4
S002410115,0,WT Long Sleeve,3
S002410166,0,WT Long Sleeve,1.5
S002410168,0,WT Long Sleeve,3
S002410223,0,WT T-Shirt L/S,1.8
S002410224,0,WT LW Sweater,1.87
S002410235,0,WT Long Sleeve,1.8
S002410284,0,WB Black,2
S002410300,0,MT S Sleeve,3.25
S002410303,0,MA Jacket / Lira,4.2
S002410323,0,WT T-Shirt L/S/jonesnewyork,1.33
S002410326,0,WT Long Sleeve/moamoa,1.5
S002410330,0,WT T-Shirt L/S/jungulz,1.8
S002410388,0,WT Long Sleeve,1.8
S002410399,0,WT Long Sleeve,3
S002410414,0,WT Long Sleeve,1.5
S002410418,0,WT LW Sweater,3.25
S002410424,0,MT T-Shirt,2.6
S002410439,0,Backpack/Camo,2.4
S002410465,0,WT T-Shirt L/S,2.1
S002410466,0,WT T-Shirt L/S,2.1
S002410518,0,WT T-Shirt,1.8
S002410564,0,WA Pants,4.2
S002410565,0,WB Denim/raggedpriest,5.94
S002410634,0,WA Shorts,2.97
S002410642,0,WT Long Sleeve,1.8
S002410646,0,WT Long Sleeve,1.8
S002410652,0,WT T-Shirt L/S,1.5
S002410654,0,WT T-Shirt L/S,1.33
S002410656,0,WT T-Shirt L/S,1.8
S002410672,0,WT T-Shirt L/S,1.8
S002410711,0,WT Long Sleeve/madofitis,2.4
S002410747,0,M Athletic Shoe/white,11.4
S002410765,0,WB Skirt Short,1.95
S002410792,0,WT Long Sleeve,2.4
S002410801,0,WT Long Sleeve,3.6
S002410810,0,WT Long Sleeve/blackknit,2.4
S002410816,0,WT T-Shirt L/S,1.8
S002410835,0,WT T-Shirt L/S,1.5
S002410836,0,WT Long Sleeve,3.25
S002410847,0,M Athletic Shoe,7.6
S002410873,0,WT LW Sweatshirt,1.8
S002410900,0,WT Long Sleeve,1.5
S002410905,0,WT T-Shirt/vertiche,2.1
S002410910,0,WT T-Shirt L/S/mixedthreads,2.1
S002410920,0,WB Skirt Short/vacodo,1.2
S002410933,0,Backpack,2.4
S002410963,0,MB Denim,8.4
S002410968,0,WT Long Sleeve,4.55
S002410973,0,WB F/W BodySuit,2.1
S002410980,0,WT T-Shirt L/S,2.4
S002411049,0,MA Short Sleeve,2.7
S002411094,0,WA Pants,3
S002411140,0,WT T-Shirt L/S,1.5
S002411147,0,WT Long Sleeve/recklesshearts,3
S002411153,0,Halloween Purse/trickortreat,1.25
S002411166,0,WT Long Sleeve,3
S002411202,0,WB Denim,6.5
S002411239,0,WT LW Sweater,3.25
S002411247,0,MT L Sleeve,4.55
S002411382,0,WT Long Sleeve,2.4
S002411405,0,WB Denim,3.9
S002411429,0,MT T-Shirt,2.4
S002411444,0,M Athletic Shoe,7.6
S002411493,0,WA Long Sleeve,2.1
S002411551,0,WT Long Sleeve,3
S002411562,0,WT T-Shirt L/S,3
S002411579,0,WD Dress Short / Pink Bunny,1.8
S002411643,0,WT Long Sleeve,3
S002411675,0,WT T-Shirt L/S,3
S002411678,0,WT Long Sleeve,3.6
S002411700,0,WT T-Shirt L/S,1.33
S002411711,0,WT T-Shirt L/S,1.8
S002411719,0,WT T-Shirt L/S,2.1
S002411731,0,WT T-Shirt L/S,2.1
S002411757,0,WT LW Sweater,3.25
S002411758,0,WT T-Shirt L/S,1.8
S002411787,0,WT T-Shirt L/S,2.4
S002411792,0,WD Dress Short,2.45
S002411796,0,MT LW Sweater,3.25
S002411831,0,MB Shorts,3.9
S002411839,0,Jewelry/tinyman+,0.8
S002411840,0,Jewelry/moon,0.8
S002411843,0,Jewelry/butterflies,0.8
S002411850,0,WT Long Sleeve,2.4
S002411889,0,MT T-Shirt,2.1
S002411891,0,WT T-Shirt L/S,1.8
S002411985,0,WA Tank,1.6
S002412086,0,WB Pants,3.9
S002412158,0,WB Pants,4.5
S002412192,0,MT T-Shirt/halloween,1.8
S002412229,0,W Boots Syn/target,4.9
S002412288,0,Socks/greybluestripes,0.8
S002412317,0,W Athletic Shoe/redcomfortwear,4.2
S002412354,0,WA Jacket,1.8
S002412360,0,WA Long Sleeve,3.3
S002412361,0,WD Dress Short,2.45
S002412421,0,W Casual Shoe Syn,4.2
S002412512,0,Wallet / Pink Heart,4
S002412584,0,WA Pants,4.5
S002412596,0,MT LW Sweater/acutabove,2.6
S002412620,0,MT T-Shirt,1.8
S002412695,0,WA Short Sleeve,6.84
S002412721,0,Jewelry,2
S002412722,0,Jewelry,2
S002412724,0,WT LW Sweatshirt,2.4
S002412837,0,W Athletic Shoe / Grey Blue,6.84
S002412893,0,1 Pearl Hairclip,0.9
S002412903,0,WD Dress Short / BuddyLove,4.55
S002412910,0,WO Light,7.22
S002412952,0,MA Pants,3.6
S002413002,0,WO Light,9.5
S002413007,0,W Athletic Shoe,7.6
S002413009,0,W Athletic Shoe,7.6
S002413016,0,WT LW Sweater,2.4
S002413061,0,WD Dress Short,2.45
S002413065,0,WD Dress Short,2.45
S002413081,0,WO Light,5.2
S002413119,0,MA Tank,3
S002413169,0,MT S Sleeve,2.1
S002413175,0,MO Light,4.5
S002413192,0,MT T-Shirt/intotheair,1.5
S002413255,0,MA Pants,5.85
S002413274,0,WT T-Shirt L/S,2.4
S002413292,0,WT HW Sweater,4.55
S002413329,0,M Athletic Shoe,11.4
S002413358,0,WT S Sleeve,2.4
S002413368,0,MT L Sleeve,2.4
S002413469,0,boxer short Lips,0.9
S002413476,0,WD Dress Long,8.8
S002413482,0,Skims,1.65
S002413495,0,WB Pants,3.9
S002413497,0,WT T-Shirt L/S Black,1.33
S002413519,0,MA Pants,3
S002413526,0,WB Shorts,3
S002413527,0,WA Shorts/2 pc,2.1
S002413537,0,Scarf,0.8
S002413550,0,W Athletic Shoe,6.08
S002413556,0,WA Pants,7
S002413621,0,MT LW Sweatshirt,3.25
S002413624,0,WB Skirt Short,1.65
S002413662,0,MA Pants,5.2
S002413690,0,M Athletic Shoe,5.6
S002413720,0,MB Khaki,4.2
S002413745,0,Jewelry/bracelet,0.6
S002413775,0,MT LW Sweatshirt,6.3
S002413809,0,Necklace/SilverHeart,1.5
S002413811,0,Earrings/silverhoop,0.8
S002413822,0,Earrings/Goldheart,0.8
S002413828,0,WT Long Sleeve,3
S002413840,0,Necklace/beads,0.8
S002413981,0,WT LW Cardigan / White Bug,2.4
S002414012,0,WO Light,2.7
S002414023,0,MB Pants,4.2
S002414025,0,WT T-Shirt/bowie,1.8
S002414027,0,MT T-Shirt,2.7
S002414028,0,WT T-Shirt L/S/AS IS,2.1
S002414032,0,Sports Bra/blackribbed,1.8
S002414034,0,WA Shorts/tealribbed,2.1
S002414042,0,WT LW Sweater,3
S002414088,0,WT Long Sleeve,2.4
S002414096,0,WT T-Shirt L/S,1.8
S002414115,0,WT Long Sleeve,1.5
S002414118,0,WT T-Shirt L/S/mintpink,2.1
S002414173,0,W Casual Shoe Syn,2.8
S002414224,0,WT S Sleeve/vintage/brightlights,1.8
S002414270,0,WT T-Shirt L/S/HarryPotter,2.1
S002414299,0,WT Long Sleeve/maddennyc,3
S002414300,0,WT Long Sleeve,2.4
S002414332,0,WO Light,2.7
S002414337,0,WT Long Sleeve,2.4
S002414338,0,WT Long Sleeve,2.4
S002414344,0,MT T-Shirt,1.5
S002414357,0,WT Long Sleeve,2.4
S002414359,0,Sports Bra,4.2
S002414401,0,WA Tank,3
S002414407,0,Earrings/crystaltree,1.5
S002414416,0,W Boots Syn,6.84
S002414423,0,WT T-Shirt L/S,1.33
S002414430,0,WB Skirt Long,3
S002414432,0,WD Dress Long,6.84
S002414440,0,Necklace/goldchains,5.28
S002414451,0,WD Dress Long/floerns,4.55
S002414452,0,WT Long Sleeve,2.4
S002414457,0,WT Long Sleeve,1.8
S002414463,0,W Dress Shoe Syn,2.67
S002414496,0,MT T-Shirt/baseball,1.5
S002414561,0,Keychain,3.5
S002414578,0,WT T-Shirt L/S,1.8
S002414585,0,WT T-Shirt L/S,1.8
S002414609,0,WT Long Sleeve,2.4
S002414611,0,WT Long Sleeve,2.4
S002414615,0,MA Short Sleeve,2.7
S002414645,0,WT Long Sleeve,2.4
S002414663,0,WT T-Shirt L/S,2.4
S002414671,0,WT T-Shirt L/S,1.8
S002414678,0,WT Long Sleeve,2.4
S002414693,0,WA Long Sleeve,3.3
S002414702,0,WT T-Shirt L/S,1.8
S002414706,0,WT LW Sweater/gingerbreadponcho,3.25
S002414711,0,WT Long Sleeve,2.4
S002414716,0,WT T-Shirt L/S,1.8
S002414781,0,W Boots Syn,4.2
S002414787,0,WT Long Sleeve,2.4
S002414830,0,WT Long Sleeve,2.4
S002414840,0,MT T-Shirt,1.07
S002414889,0,WT Long Sleeve,2.4
S002414892,0,WB Denim,4.8
S002414894,0,WB Denim,3.9
S002414907,0,WT Long Sleeve/jojana,3
S002414908,0,WT Long Sleeve,2.4
S002414922,0,WT Long Sleeve,1.8
S002414943,0,WT Long Sleeve,1.8
S002414999,0,WT T-Shirt L/S,2.1
S002415050,0,WT Long Sleeve,4.55
S002415058,0,WT S Sleeve,1.07
S002415069,0,Scarf,0.8
S002415081,0,WT T-Shirt,1.2
S002415084,0,WT Long Sleeve,2.4
S002415086,0,WT Long Sleeve,3.9
S002415098,0,WT Long Sleeve,3.9
S002415100,0,WT T-Shirt L/S,1.8
S002415143,0,WD Dress Long,5.6
S002415163,0,WT Long Sleeve,3
S002415172,0,W Casual Shoe Syn/balera,2.8
S002415186,0,WT Long Sleeve/stylerack,3.6
S002415187,0,WT Long Sleeve/stylerack,3.6
S002415188,0,WT Long Sleeve/stylerack,3.6
S002415189,0,WT Long Sleeve/stylerack,3.6
S002415190,0,WT Long Sleeve/stylerack,3.6
S002415205,0,Hat/LA,2.4
S002415218,0,Sports Bra,1.8
S002415225,0,WT Long Sleeve,1.8
S002415252,0,MT T-Shirt/sergiotacchini,2.4
S002415265,0,WO Light / AsIs,4.5
S002415266,0,WT Long Sleeve,1.8
S002415270,0,WT Long Sleeve,2.4
S002415274,0,WT T-Shirt L/S,3
S002415328,0,WA Pants,10
S002415343,0,WT LW Sweater,4.55
S002415374,0,Sports Bra,3
S002415387,0,WT Long Sleeve,2.4
S002415388,0,WT T-Shirt L/S,2.4
S002415393,0,MB Pants,3.9
S002415396,0,WT T-Shirt L/S,2.4
S002415406,0,WT T-Shirt L/S,2.4
S002415414,0,WA Shorts,3
S002415420,0,MO Light,4.2
S002415437,0,WT T-Shirt L/S,1.8
S002415442,0,WT T-Shirt L/S,2.4
S002415467,0,WB Denim,4.8
S002415471,0,MT T-Shirt,1.8
S002415476,0,MA Shorts,4.2
S002415478,0,MA Shorts,1.8
S002415480,0,WA Shorts,2.97
S002415493,0,MT LW Sweater,3.25
S002415517,0,WA Short Sleeve,6
S002415531,0,WT T-Shirt L/S,2.1
S002415532,0,WT T-Shirt L/S,1.8
S002415541,0,WT LW Sweatshirt,5.2
S002415576,0,WT T-Shirt L/S,1.8
S002415612,0,MT T-Shirt L/S,2.6
S002415622,0,MB Pants,3.9
S002415639,0,WT T-Shirt L/S/exist,2.1
S002415648,0,WA Tank,3.3
S002415650,0,WT Long Sleeve,2.4
S002415684,0,WT Long Sleeve,1.8
S002415728,0,WT T-Shirt L/S/a.lab,2.1
S002415734,0,WT Long Sleeve,1.8
S002415745,0,W Athletic Shoe,13.3
S002415794,0,MT L Sleeve,3
S002415826,0,MO Light,3.9
S002415827,0,MO Light/as is,4.2
S002415828,0,MT LW Sweater,3.25
S002415829,0,MT LW Sweater,3.25
S002415830,0,MT S Sleeve,2.1
S002415832,0,MT L Sleeve,3.9
S002415833,0,MT T-Shirt L/S,1.8
S002415834,0,MA Pants,5.2
S002415835,0,MB Pants,4.2
S002415837,0,MA Jacket,5.4
S002415838,0,MA Pants,5.2
S002415839,0,MA Pants,4.2
S002415865,0,MO Light,3.3
S002415925,0,MA Pants,5.2
S002415926,0,MA Jacket,5.4
S002415927,0,MA Pants,5.2
S002415928,0,MB Pants,4.2
S002415933,0,MT S Sleeve,2.1
S002415935,0,MT LW Sweater,3.25
S002415936,0,MO Light/asis,4.2
S002415937,0,MO Light,3.9
S002415941,0,WB Pants/nakedwardrobe,3.9
S002415942,0,WB Pants/white,3.9
S002415944,0,WB Skirt Long/nakedwardobe,3
S002415946,0,WA Pants,3
S002415947,0,WT T-Shirt,1.5
S002415949,0,WT LW Sweatshirt,5.2
S002415950,0,MT T-Shirt,2.6
S002415952,0,WB Denim,3.9
S002415953,0,WT Long Sleeve/tan,3
S002415954,0,WB Skirt Long/nakedwardrobe,3
S002415955,0,WB Denim,4.8
S002415956,0,WB Denim,4.8
S002415957,0,WO Light,3.3
S002415958,0,WT Long Sleeve,2.4
S002415973,0,WT Long Sleeve,2.4
S002415990,0,W Boots Syn/viarosa,4.9
S002416001,0,Jewelry/fantasies,0.8
S002416060,0,Jewelry Ring,0.4
S002416069,0,WB Denim,6.5
S002416116,0,WT T-Shirt L/S,2.4
S002416196,0,WD Dress Long,7.2
S002416244,0,MA Short Sleeve,6.5
S002416247,0,W Dress Shoe Syn / White,4.2
S002416288,0,WT Long Sleeve,3
S002416318,0,M Athletic Shoe,11.4
S002416323,0,WT T-Shirt L/S,2.1
S002416329,0,WT Long Sleeve,3
S002416423,0,WT Long Sleeve,3.6
S002416473,0,WT Long Sleeve,3
S002416488,0,WT T-Shirt L/S,2.4
S002416540,0,WT LW Sweatshirt,5.2
S002416543,0,WT Long Sleeve,4.55
S002416566,0,Jewelry,0.8
S002416567,0,Jewelry,1.5
S002416611,0,Purse Large/valentina,7.6
S002416639,0,MT L Sleeve,3
S002416657,0,WT Long Sleeve/blackbutton,3
S002416659,0,WO Light,5.2
S002416665,0,WD Shortalls,2.4
S002416673,0,WB Pants,3.3
S002416681,0,W Dress Shoe Syn,4.2
S002416692,0,WT T-Shirt L/S/lizsara,1.5
S002416696,0,WT Long Sleeve,2.4
S002416711,0,WO Heavy,14
S002416729,0,MT LW Sweater,3.25
S002416746,0,M Athletic Shoe,7.6
S002416760,0,Bracelet/christmas,0.6
S002416761,0,Bracelet/christmas,0.6
S002416762,0,Bracelet/christmas,0.6
S002416763,0,Earrings/silver circle,0.8
S002416768,0,Earrings/teal hearts,0.6
S002416773,0,Bracelet/purplegreencrystals,0.6
S002416793,0,WT Long Sleeve/klesis,3.6
S002416800,0,Belt / White,1.8
S002416815,0,MT L Sleeve,3
S002416828,0,MT T-Shirt,1.8
S002416844,0,MB Denim,4.2
S002416853,0,MT T-Shirt,2.1
S002416904,0,Orange Scrunchie,0.6
S002416942,0,WA Pants,4.2
S002416967,0,MT S Sleeve,3.25
S002417017,0,Hat/northface,2.4
S002417018,0,WT T-Shirt L/S,1.8
S002417019,0,WT LW Sweatshirt,1.8
S002417022,0,MT LW Sweater/harrypotter,3.9
S002417044,0,WB F/W BodySuit/cream,3
S002417118,0,Grey Bag Strap,1.3
S002417119,0,Pink Bag Strap,0.9
S002417120,0,black Bag Strap,0.9
S002417121,0,Purse Small/Fake Prada,3.25
S002417138,0,WT T-Shirt L/S,2.1
S002417139,0,WT T-Shirt L/S,2.1
S002417146,0,WT Long Sleeve,2.4
S002417172,0,Jewelry/bowearings,0.6
S002417173,0,Jewelry/2 BONE hairthings,0.8
S002417178,0,WO Heavy,14
S002417194,0,WT T-Shirt L/S,2.4
S002417262,0,WT T-Shirt L/S,1.33
S002417309,0,WD Dress Short,2.45
S002417314,0,WT T-Shirt L/S,2.1
S002417385,0,WT LW Sweatshirt,5.2
S002417396,0,WA Long Sleeve,3
S002417397,0,WA Long Sleeve,3
S002417409,0,WT Long Sleeve,2.4
S002417443,0,WT Long Sleeve,2.4
S002417448,0,WT Long Sleeve/stripes,3
S002417460,0,MO Heavy,5.1
S002417495,0,WT Long Sleeve,3.9
S002417496,0,WT Long Sleeve,3
S002417498,0,WA Pants,5.85
S002417520,0,WT Long Sleeve,2.4
S002417522,0,WT Long Sleeve,3.9
S002417530,0,WT Long Sleeve,4.55
S002417565,0,MO Light,4.8
S002417576,0,WT Long Sleeve,3
S002417591,0,WT T-Shirt L/S,3
S002417617,0,WA Tank,4.2
S002417627,0,WA Pants,5.85
S002417628,0,WB Pants,3.9
S002417633,0,Belt / Black Skull,1.5
S002417638,0,WD Dress Short,4.62
S002417738,0,WA Tank,4.8
S002417739,0,WA Tank,4.8
S002417744,0,WA Long Sleeve,6.5
S002417788,0,WT Long Sleeve,3.9
S002417818,0,WT HW Sweatshirt,3
S002417851,0,WT LW Sweatshirt,2.4
S002417869,0,WD Dress Short,4.9
S002417879,0,WT T-Shirt L/S,2.4
S002417886,0,MT T-Shirt/amp,1.8
S002417912,0,MA Pants,5.2
S002417924,0,WT T-Shirt/aaliyah,1.8
S002417926,0,WA Jacket/2pcsommerray,3.6
S002417945,0,WT Long Sleeve,2.4
S002417982,0,M Casual Shoe Syn,4.9
S002418052,0,WB Pants,3.9
S002418112,0,MA Short Sleeve,3
S002418150,0,1 Scrunchie,0.6
S002418182,0,WB Pants,4.5
S002418230,0,M Athletic Shoe/kd blue/wht,18
S002418253,0,MA Tank,2.1
S002418277,0,MA Shorts,3.6
S002418300,0,MA Pants,4.2
S002418304,0,MA Tank,2.4
S002418308,0,MA Short Sleeve,4.8
S002418311,0,MA Long Sleeve,3.9
S002418313,0,MA Short Sleeve,3
S002418315,0,WA Tank,3
S002418363,0,W Athletic Shoe,9.5
S002418375,0,WA Shorts,6.5
S002418376,0,WA Pants,14
S002418384,0,WA Pants,9.5
S002418394,0,MA Long Sleeve,4.2
S002418418,0,WO Light,2.4
S002418419,0,WT LW Cardigan,3.25
S002418431,0,WA Short Sleeve,4.8
S002418466,0,WA Shorts,3.6
S002418493,0,M Athletic Shoe / Blue,22.8
S002418511,0,Sports Bra,5.52
S002418517,0,WA Short Sleeve,6.84
S002418526,0,WA Short Sleeve,7.6
S002418528,0,WA Short Sleeve,3.3
S002418535,0,MT HW Cardigan,3.12
S002418547,0,Jewelry / Blue EvilEye Necklace,1.5
S002418555,0,Jewelry/necklace,2
S002418562,0,WA Shorts,3
S002418586,0,MT LW Sweatshirt / Baja Joe,2.4
S002418597,0,MT T-Shirt,2.6
S002418609,0,WB Black / Miou Muse,3.6
S002418632,0,WA Pants,9.5
S002418636,0,WB Denim,4.8
S002418645,0,WA Pants,8.74
S002418666,0,W Athletic Shoe / White Pink,9.5
S002418705,0,WT S Sleeve,1.8
S002418713,0,MA Short Sleeve,2.4
S002418775,0,WA Pants,5.85
S002418794,0,WA Pants/ 2 pc,4.2
S002418795,0,WT LW Sweatshirt / 2pc,3.6
S002418819,0,WD Dress Short,2.45
S002418842,0,WT T-Shirt,2.4
S002418844,0,WT T-Shirt,2.4
S002418907,0,MA Short Sleeve,3
S002418959,0,WO Light/boxercraft,3.3
S002418960,0,WT LW Sweatshirt,1.8
S002418976,0,WA Jacket,5.85
S002419026,0,MB Denim,5.52
S002419029,0,WB Denim,6.6
S002419041,0,MB Pants,4.88
S002419072,0,Beanie/wonderwoman,1
S002419074,0,Earrings/woods,0.8
S002419172,0,WA Pants,4.2
S002419197,0,MT L Sleeve,2.4
S002419217,0,WT LW Sweatshirt,4.55
S002419233,0,Baseball Hat,1.33
S002419250,0,WB Skirt Long,3.25
S002419260,0,MA Jacket,9.12
S002419322,0,Hat/blackclover,2.4
S002419414,0,WT T-Shirt L/S,2.1
S002419524,0,M Athletic Shoe,9.5
S002419565,0,MT T-Shirt,1.8
S002419641,0,WA Pants,5.85
S002419708,0,WT Long Sleeve,3
S002419729,0,WT Long Sleeve,3
S002419746,0,MA Shorts,2.4
S002419804,0,MB Denim,4.2
S002419814,0,WT T-Shirt L/S,1.8
S002419842,0,WD Dress Short,2.45
S002419879,0,WB Shorts,2.4
S002419884,0,WT T-Shirt L/S,1.8
S002419896,0,WT Long Sleeve,3.6
S002419908,0,WA Shorts,3
S002419933,0,WO Leather,8.8
S002419945,0,WO Light,7.22
S002419963,0,WT Long Sleeve/sincerelyjules,3
S002420087,0,WO Heavy,11.4
S002420089,0,W Sandals Syn / White,2.97
S002420112,0,MT L Sleeve,2.4
S002420147,0,WT T-Shirt L/S,2.1
S002420151,0,WT Long Sleeve,3
S002420222,0,MT LW Sweatshirt / AsIs,3.6
S002420259,0,WT Long Sleeve,2.4
S002420312,0,MA Jacket,6.5
S002420351,0,M Athletic Shoe,20.9
S002420352,0,W Athletic Shoe,20
S002420354,0,Hat/red,3
S002420451,0,WT T-Shirt,4.55
S002420541,0,WT Long Sleeve,3
S002420546,0,WT LW Sweater,3.25
S002420591,0,MB Denim,3.6
S002420666,0,WT T-Shirt L/S,1.33
S002420670,0,W Boots Syn,4.2
S002420709,0,legwarmers/white,1.3
S002420749,0,WT T-Shirt L/S,1.8
S002420760,0,WO Light,5.2
S002420801,0,WT Long Sleeve,2.4
S002420896,0,WT Long Sleeve,1.5
S002420898,0,WO Light/justmysize,5.2
S002420899,0,WA Pants/2pc,3
S002420979,0,WT Long Sleeve,3
S002420991,0,WT Long Sleeve,1.5
S002421088,0,WA Jacket,5.2
S002421122,0,WT Long Sleeve,3
S002421131,0,MT T-Shirt/coors,1.8
S002421146,0,WT T-Shirt L/S,1.8
S002421173,0,MA Jacket,6.5
S002421182,0,WT Long Sleeve,3
S002421208,0,W Athletic Shoe,8.36
S002421223,0,WT T-Shirt L/S,2.1
S002421290,0,WT Long Sleeve,3
S002421302,0,M Athletic Shoe / Grey,11.4
S002421310,0,MA Pants,5.85
S002421383,0,WO Light,3.9
S002421456,0,WT Long Sleeve/brown,3
S002421483,0,WO Light,7.22
S002421488,0,WT Long Sleeve,2.4
S002421519,0,WT Long Sleeve,3.9
S002421555,0,MO Light,4.8
S002421557,0,MB Pants,4.5
S002421585,0,MA Pants,3.6
S002421620,0,WB Denim,3.9
S002421631,0,W Athletic Shoe/kendall&kylie,4.2
S002421670,0,WT LW Sweater,2.4
S002421671,0,WA Long Sleeve,2.1
S002421679,0,WT LW Sweatshirt,3.6
S002421680,0,WT Long Sleeve,3.9
S002421684,0,WT T-Shirt L/S,2.4
S002421687,0,WA Long Sleeve,3.3
S002421726,0,WD Dress Long,3.6
S002421761,0,WB Skirt Short,1.65
S002421941,0,WT Long Sleeve,3
S002421984,0,W Boots Syn,4.9
S002421985,0,Purse Small,4
S002421990,0,WD Jumpsuit,3
S002421998,0,M Sandals Leather,6.84
S002422035,0,WD Dress Short,2.45
S002422059,0,Wallet / Grey,2.92
S002422067,0,W Boots Syn / Black,6.84
S002422076,0,Baseball Hat,2.4
S002422111,0,WT LW Sweatshirt,9.5
S002422119,0,WT LW Sweater,4.62
S002422185,0,WT S Sleeve,2.1
S002422284,0,MB Pants,3.3
S002422314,0,WB Denim,6
S002422331,0,WO Light,5.2
S002422402,0,M Athletic Shoe,15.2
S002422404,0,WT LW Sweatshirt,3
S002422455,0,WA Long Sleeve,4.2
S002422490,0,WT LW Sweater,3.25
S002422495,0,WB Skirt Long,2.4
S002422629,0,WO Light,5.2
S002422637,0,WB Skirt Long,3
S002422638,0,WT LW Sweater/SHAWL,3.25
S002422689,0,MA Shorts,3
S002422722,0,MO Light,4.2
S002422829,0,WT Sweater/poncho/everythinginlove,1.87
S002422895,0,Hat/Brixton,3
S002422978,0,MT T-Shirt,1.5
S002422992,0,Belt,1.8
S002423067,0,WO Heavy,9.5
S002423177,0,WT LW Sweater,3.25
S002423200,0,WO Light,3.3
S002423215,0,WT Long Sleeve,2.4
S002423218,0,WT Long Sleeve/moretocome,3
S002423220,0,WT Long Sleeve,2.4
S002423223,0,WB Pants/whitecut,3.9
S002423228,0,WB Skirt Short/redwithblkbow,2.6
S002423258,0,WT Long Sleeve,3
S002423259,0,WT Long Sleeve,2.4
S002423262,0,WT Long Sleeve,3
S002423290,0,WT Long Sleeve,2.4
S002423296,0,MB Denim,3.9
S002423314,0,WB Denim,2.7
S002423334,0,WT Long Sleeve,3.9
S002423335,0,WD Dress Short/Theimpecablepig,3.96
S002423338,0,WD Dress Short,4.62
S002423378,0,WB Shorts,3.6
S002423382,0,W Casual Shoe Syn/redvelvet,1.8
S002423383,0,WD Dress Short,4.2
S002423396,0,Baseball Hat,1.8
S002423436,0,MT T-Shirt,1.8
S002423443,0,WT Long Sleeve,1.5
S002423452,0,WA Pants,7
S002423480,0,MA Jacket,7
S002423495,0,W Casual Shoe Syn,2.8
S002423520,0,WT Long Sleeve,2.4
S002423533,0,WT LW Sweater,3.9
S002423538,0,MT LW Sweatshirt,3.25
S002423551,0,WT Long Sleeve,2.4
S002423559,0,WB S/S BodySuit,1.5
S002423573,0,WT Long Sleeve,3.9
S002423586,0,WD Dress Short,2.45
S002423604,0,WT T-Shirt,1.5
S002423605,0,MT T-Shirt,1.5
S002423608,0,WT Long Sleeve,3.9
S002423625,0,WB S/S BodySuit,1.5
S002423630,0,WT Long Sleeve,3
S002423633,0,Jewelry,2
S002423640,0,WA Tank,3.6
S002423642,0,WT Long Sleeve,3.9
S002423651,0,WT Long Sleeve,3.9
S002423653,0,WT Long Sleeve,3
S002423661,0,MA Short Sleeve,1.8
S002423680,0,WD Dress Short,5.6
S002423682,0,WT Long Sleeve,3.9
S002423704,0,Purse Small Cheetah,0.6
S002423718,0,WT T-Shirt,2.4
S002423731,0,Jewelry / Gold Bracelet,4.55
S002423741,0,Jewelry / Copper Ring,1.5
S002423743,0,Jewelry / Copper Ring,1.5
S002423767,0,WT T-Shirt,2.7
S002423771,0,WA Pants,5.2
S002423787,0,WT Long Sleeve,3
S002423788,0,WT Long Sleeve,3
S002423808,0,W Athletic Shoe / Black,26
S002423880,0,WT T-Shirt L/S,1.8
S002423900,0,WT T-Shirt L/S,2.4
S002423902,0,MB Pants,3.3
S002423909,0,Hat / Grumpy,1
S002423957,0,WA Jacket,11.4
S002423971,0,WT Long Sleeve,2.4
S002424020,0,WO Light,7.22
S002424047,0,WT Long Sleeve,2.4
S002424048,0,WT T-Shirt L/S,1.8
S002424072,0,WT LW Sweater,3.25
S002424076,0,WB Pants / BaileyRose,3.9
S002424114,0,WO Light,3.3
S002424115,0,WT Long Sleeve/capeclique,3
S002424167,0,WT Long Sleeve,2.4
S002424176,0,Purse Small,4.9
S002424198,0,WT Long Sleeve,3
S002424202,0,WT S Sleeve,1.33
S002424203,0,WT S Sleeve,1.33
S002424218,0,WT Long Sleeve,3.9
S002424221,0,WT Long Sleeve,2.4
S002424231,0,WT Long Sleeve,2.4
S002424236,0,WA Pants/HarmonyBalance,3
S002424244,0,Sports Bra/harmonybalance,2.1
S002424248,0,WT Long Sleeve,3
S002424348,0,WT T-Shirt L/S,2.4
S002424363,0,WT T-Shirt L/S,2.1
S002424451,0,WT HW Sweater/turtleneck,3
S002424671,0,WT S Sleeve,2.1
S002424673,0,WT T-Shirt L/S,2.1
S002424675,0,WT T-Shirt L/S,2.4
S002424677,0,Jewelry/greenjewels,2
S002424679,0,Bracelet/redbeads,0.4
S002424715,0,WA romper,2.4
S002424728,0,WD Dress Short,3
S002424735,0,WO Light,14
S002424746,0,WO Light,4.5
S002424829,0,WT Long Sleeve,1.5
S002424830,0,WT Long Sleeve,2.4
S002424838,0,WT LW Sweater,2.4
S002424846,0,WA Pants,2.4
S002424889,0,WO Light,2.7
S002424951,0,MA Jacket,8.8
S002424973,0,WA Pants,7
S002424990,0,MT T-Shirt/ghostface,1.07
S002425018,0,MT T-Shirt L/S,2.4
S002425060,0,Headband,0.9
S002425148,0,WO Light,7.22
S002425213,0,MB Khaki,3.6
S002425214,0,WB Denim/ettelo,4.8
S002425215,0,WB Denim,4.8
S002425287,0,WB Skirt Short/ 2 pc,3.3
S002425296,0,WT T-Shirt L/S,1.8
S002425315,0,MT T-Shirt,2.1
S002425360,0,MT T-Shirt,1.8
S002425380,0,Scarf,1.4
S002425404,0,WB Pants,2.7
S002425459,0,MA Jacket,8.36
S002425531,0,Backpack,1.25
S002425559,0,W Boots Syn,7.6
S002425569,0,WT Long Sleeve,2.4
S002425570,0,WT Long Sleeve,1.8
S002425575,0,WT Long Sleeve,1.8
S002425581,0,WT Long Sleeve,3
S002425624,0,WT HW Sweater/holidaytime,2.13
S002425654,0,Earrings/katygirl,0.4
S002425673,0,WA Pants,5.85
S002425703,0,W Athletic Shoe,15.2
S002425829,0,Purse Small/lebag,2.4
S002425896,0,W Casual Shoe Syn / Black,1.8
S002425936,0,WO Light,9.5
S002426153,0,MA Long Sleeve,3.6
S002426321,0,WA Skirt/black,2.7
S002426436,0,MT T-Shirt,1.8
S002426446,0,MA Long Sleeve,3.9
S002426451,0,W Dress Shoe Syn,3.33
S002426488,0,WO Light,3.3
S002426498,0,WB Skirt Short,4
S002426507,0,WO Light,5.2
S002426515,0,WT Long Sleeve,2.4
S002426574,0,WT S Sleeve,2.1
S002426598,0,MO Heavy,15.2
S002426599,0,WO Heavy,16
S002426616,0,WB Shorts/rockies,2.4
S002426628,0,WT Long Sleeve,2.4
S002426648,0,WO Light,12
S002426781,0,M Athletic Shoe / White,11.4
S002426818,0,WD Dress Short,3.96
S002426828,0,WB Skirt Short,1.65
S002426831,0,WT Long Sleeve,2.4
S002426878,0,WA Long Sleeve/bytogether,2.1
S002426959,0,WB Denim,6.5
S002426968,0,WO Heavy,9.5
S002426973,0,WT Long Sleeve,3
S002426993,0,WT Long Sleeve / BlackMilk,3
S002426997,0,WT Long Sleeve,4.55
S002427001,0,WT Long Sleeve,3.9
S002427101,0,WT Long Sleeve,3.25
S002427109,0,M Athletic Shoe/red,15.2
S002427194,0,W Dress Shoe Syn,4.2
S002427218,0,WT S Sleeve,1.33
S002427222,0,WT Long Sleeve,3.9
S002427252,0,WT T-Shirt/kraft,0.8
S002427255,0,WB Skirt Short,2.6
S002427291,0,WT S Sleeve,1.8
S002427314,0,MT S Sleeve,2.1
S002427325,0,WB Pants,3.3
S002427403,0,WB Denim / AsIs,3.3
S002427446,0,WA Pants,4.2
S002427454,0,WA Pants,4.2
S002427520,0,MT LW Sweater,3.9
S002427565,0,Belt / Black,2.4
S002427572,0,MA Pants,5.2
S002427607,0,WB Pants,3.3
S002427679,0,MT T-Shirt L/S,1.5
S002427708,0,W Athletic Shoe,7.6
S002427721,0,M Athletic Shoe,6.3
S002427722,0,WT T-Shirt L/S,2.4
S002427724,0,WD Dress Short,4.9
S002427780,0,W Casual Shoe Syn/zara,2.8
S002428004,0,WT LW Sweatshirt / 2pc,2.4
S002428005,0,WA Pants / 2pc,2.4
S002428132,0,WO Light,5.2
S002428156,0,MA Pants,4.2
S002428196,0,Jewelry,1.65
S002428199,0,WT Long Sleeve/carolyntaylor,3
S002428282,0,WT Long Sleeve,3
S002428284,0,WT Long Sleeve/lunik,3
S002428301,0,WT S Sleeve/cupcake,2.1
S002428303,0,MA Jacket,4.8
S002428313,0,WD Dress Short,4.62
S002428319,0,WD Dress Short,4.62
S002428379,0,WT T-Shirt,1.2
S002428413,0,WB Black,3
S002428508,0,MB Shorts,2.4
S002428531,0,WA Short Sleeve,3
S002428535,0,WT Long Sleeve,2.4
S002428555,0,Scarf,1
S002428582,0,WB Shorts,1.8
S002428643,0,WT T-Shirt L/S,1.33
S002428713,0,M Athletic Shoe,13.3
S002428717,0,WT Long Sleeve,2.4
S002428762,0,WT S Sleeve,1.8
S002428775,0,MT L Sleeve,3
S002428826,0,WO Light,2.7
S002428844,0,WT LW Sweater,3.25
S002428884,0,Purse Small,2.92
S002428919,0,MB Denim,3.9
S002428922,0,WT Long Sleeve,2.4
S002428937,0,WT LW Sweater,3.25
S002428972,0,MT LW Sweater,2.4
S002429012,0,Jewelry ( 2bracelets),1.5
S002429014,0,W Athletic Shoe,13.3
S002429019,0,WB Shorts,3.6
S002429028,0,WB Denim,4.8
S002429038,0,WT Long Sleeve,3
S002429088,0,Necklace/aquarius,0.6
S002429136,0,WT Long Sleeve,1.8
S002429140,0,MO Light/paisley,3
S002429166,0,WT Long Sleeve,3.25
S002429206,0,WT Long Sleeve,3
S002429224,0,WT Long Sleeve,3
S002429271,0,WT Long Sleeve,1.5
S002429295,0,W Athletic Shoe,6.84
S002429297,0,WO Heavy,9.5
S002429308,0,WT Long Sleeve/splash,3
S002429315,0,WD Dress Short/futurecollective,3.96
S002429330,0,W Boots Syn,4.9
S002429441,0,WT T-Shirt L/S/creative,1.33
S002429446,0,WT T-Shirt L/S,2.1
S002429447,0,WT T-Shirt L/S,2.1
S002429450,0,WT Long Sleeve,1.5
S002429508,0,W Sandals Syn / Tan,2.97
S002429542,0,WT T-Shirt,2.7
S002429555,0,WT Long Sleeve,3.9
S002429600,0,WT T-Shirt L/S,1.8
S002429655,0,WT Long Sleeve,3.6
S002429666,0,WT T-Shirt L/S,2.1
S002429672,0,WA Pants/BLACK,3
S002429726,0,WB Skirt Short,2.6
S002429728,0,WT Long Sleeve,2.4
S002429730,0,WT T-Shirt L/S,1.8
S002429735,0,WT Long Sleeve,4.55
S002429741,0,WT Long Sleeve,3.9
S002429754,0,WT Long Sleeve,3.6
S002429755,0,WT Long Sleeve,3
S002429782,0,Purse Small,4
S002429789,0,WT Long Sleeve,3.9
S002429794,0,WT Long Sleeve,4.55
S002429804,0,WT T-Shirt L/S,1.8
S002429814,0,WT Long Sleeve,1.8
S002429862,0,WT LW Sweatshirt,4.88
S002429914,0,WT Long Sleeve,3
S002429916,0,WT Long Sleeve,3
S002429940,0,WT Long Sleeve,4.55
S002429941,0,WT Long Sleeve,3.9
S002429947,0,WT T-Shirt L/S,1.8
S002429998,0,MA Shorts,2.4
S002430002,0,WB Shorts,1.8
S002430003,0,MT LW Sweatshirt,3.25
S002430042,0,WT S Sleeve,1.8
S002430052,0,Purse Large,14
S002430059,0,WT Long Sleeve/olia,2.4
S002430061,0,WT Long Sleeve,2.4
S002430071,0,WO Light,3.9
S002430081,0,WT T-Shirt L/S,2.4
S002430084,0,WT T-Shirt L/S,1.5
S002430092,0,W Boots Syn/The Fix,4.9
S002430098,0,WT Long Sleeve,3.25
S002430106,0,WT T-Shirt L/S,1.33
S002430115,0,WT T-Shirt L/S,1.5
S002430183,0,MT LW Sweatshirt,5.6
S002430187,0,WT T-Shirt L/S/blackbow,2.1
S002430214,0,WT Long Sleeve,1.8
S002430241,0,MA Tank,4.9
S002430259,0,WT Long Sleeve,3
S002430304,0,MA Tank,2.1
S002430327,0,Socks/Stance,0.6
S002430366,0,MA Pants,4.2
S002430371,0,MA Shorts,6.5
S002430373,0,MA Tank,3
S002430389,0,Jewelry/hearts,0.8
S002430391,0,Jewelry/dmall diamonds,0.8
S002430412,0,MT LW Sweatshirt,3.25
S002430480,0,MT T-Shirt,2.1
S002430515,0,MT T-Shirt/txtech,1.8
S002430518,0,WT LW Sweatshirt,3.9
S002430519,0,MT LW Sweatshirt,7.6
S002430525,0,MA Jacket,6.5
S002430543,0,WO Light,2.7
S002430564,0,WD Dress Short,4.2
S002430571,0,1 Pair of Socks,2.1
S002430603,0,WT Long Sleeve,2.4
S002430608,0,WT T-Shirt L/S,2.1
S002430615,0,WT Long Sleeve,2.4
S002430629,0,WT LW Sweater,3.9
S002430687,0,WB Denim,3.9
S002430689,0,WT LW Sweater,2.4
S002430710,0,WT LW Sweater,3
S002430721,0,WB Pants,2.7
S002430799,0,WT Long Sleeve,2.4
S002430800,0,WT Long Sleeve,2.4
S002430817,0,M Athletic Shoe,11.4
S002430882,0,WT T-Shirt L/S,1.8
S002430907,0,WT T-Shirt L/S,1.33
S002430920,0,WT Long Sleeve,3.9
S002430942,0,Purse Small,4.9
S002430971,0,WT S Sleeve,1.8
S002430983,0,WT Long Sleeve,2.4
S002430997,0,WT T-Shirt L/S,1.8
S002431007,0,WB Skirt Short,4
S002431015,0,WT Long Sleeve,3
S002431027,0,WT Long Sleeve,2.4
S002431035,0,WT T-Shirt L/S,2.1
S002431081,0,WD Dress Long,3.9
S002431100,0,W Athletic Shoe,6.08
S002431143,0,MO Light,4.2
S002431170,0,WT T-Shirt L/S,1.33
S002431218,0,WT Long Sleeve,3
S002431219,0,WT Long Sleeve,3
S002431240,0,MO Light,12
S002431264,0,WT Long Sleeve,1.8
S002431315,0,WT T-Shirt L/S,2.1
S002431396,0,WB S/S BodySuit,1.5
S002431468,0,WT Long Sleeve,3.25
S002431469,0,WT Long Sleeve,3.25
S002431478,0,W Athletic Shoe,9.5
S002431488,0,WB Denim,5.85
S002431494,0,WB Pants,2.7
S002431507,0,WT Long Sleeve,3.9
S002431517,0,Jewelry/Necklace,1.5
S002431564,0,WT Long Sleeve,3
S002431573,0,MT T-Shirt,2.6
S002431589,0,MB Pants,2.7
S002431626,0,WT LW Sweater,3.9
S002431655,0,WO Light,7.22
S002431688,0,MB Denim,7.7
S002431722,0,Sports Bra,4.2
S002431725,0,WT Long Sleeve,3
S002431730,0,WA Shorts,10
S002431734,0,MT T-Shirt L/S,3.25
S002431750,0,MB Denim,6.18
S002431773,0,WD Jumpsuit,3
S002431786,0,WT T-Shirt L/S,1.8
S002431825,0,WT Long Sleeve,3.9
S002431881,0,MA Jacket,8.36
S002431912,0,WO Light,3.9
S002431931,0,W Boots Syn,4.2
S002432087,0,WB Khakis,3.9
S002432088,0,WA Pants,2.4
S002432131,0,WT Long Sleeve,3
S002432148,0,WB Skirt Short,1.3
S002432157,0,WT T-Shirt,1.8
S002432223,0,MB Pants,3.3
S002432236,0,MT LW Sweatshirt,3.6
S002432278,0,WT Long Sleeve,2.4
S002432280,0,WT Long Sleeve,3
S002432283,0,WT Long Sleeve,2.4
S002432284,0,WT LW Sweater/multicolor,2.4
S002432299,0,MT T-Shirt,2.6
S002432303,0,MA Long Sleeve,3.6
S002432328,0,MT T-Shirt,3.9
S002432336,0,WT Long Sleeve/2pc,3
S002432337,0,WB Denim,6
S002432359,0,WT T-Shirt L/S,1.8
S002432361,0,WB Pants,3.9
S002432391,0,WA Tank,6.08
S002432405,0,MT T-Shirt/Buccees,1.5
S002432417,0,Backpack,3.33
S002432441,0,WB Black,3
S002432494,0,WA Tank,3.3
S002432496,0,WT T-Shirt L/S,2.1
S002432501,0,WT Long Sleeve,3.9
S002432502,0,WT LW Sweater,3.9
S002432527,0,M Athletic Shoe,20.9
S002432554,0,WB Black,3.6
S002432564,0,MT S Sleeve,2.1
S002432590,0,WB Pants,3.3
S002432613,0,MT LW Sweater,3.9
S002432616,0,WB Khakis,3.3
S002432632,0,WT T-Shirt L/S,1.8
S002432643,0,WT LW Sweater,2.4
S002432644,0,WT LW Sweater,2.4
S002432645,0,WB Pants,3.3
S002432646,0,MB Khaki,3
S002432647,0,MB Khaki,3
S002432648,0,MB Pants,3.3
S002432650,0,W Athletic Shoe,7.6
S002432651,0,W Athletic Shoe,7.6
S002432718,0,WB Pants,3.3
S002432755,0,WB Pants,3.9
S002432770,0,Belt,4.8
S002432772,0,Belt,3.6
S002432785,0,WB Denim,4.2
S002432847,0,WB Pants/reflective,2.1
S002432880,0,WB Shorts,1.8
S002432894,0,WB Denim/loveforhumanity,4.55
S002432914,0,WT T-Shirt L/S,2.4
S002432940,0,WB Skirt Short,1.65
S002432954,0,WT LW Sweater,1.87
S002432955,0,WT LW Sweater,2.4
S002432960,0,WT T-Shirt L/S,1.33
S002432962,0,WT Long Sleeve,1.5
S002432971,0,WB Denim,3.9
S002432984,0,M Athletic Shoe,9.5
S002432985,0,WT Long Sleeve,2.4
S002433011,0,WB Pants,3.9
S002433024,0,WT Long Sleeve,1.8
S002433168,0,M Athletic Shoe/635578-003,17.1
S002433196,0,MA Tank,5.2
S002433264,0,WT T-Shirt L/S,1.8
S002433288,0,MT LW Sweatshirt,3.25
S002433324,0,WT T-Shirt L/S,4.55
S002433326,0,MT T-Shirt,3.9
S002433329,0,WT T-Shirt L/S,4.55
S002433416,0,WO Leather,8.8
S002433474,0,WO Light,7.22
S002433480,0,WB Pants,3.9
S002433511,0,WO Light,7.22
S002433545,0,MT T-Shirt / Laverita,1.8
S002433567,0,WB Skirt Short,2.6
S002433591,0,WT LW Sweater,3.25
S002433697,0,W Boots Syn,4.2
S002433833,0,WB Denim,4.8
S002433861,0,WA Long Sleeve,3.3
S002433892,0,WD Dress Long,4.67
S002433949,0,WB Shorts/2PC,1.8
S002433951,0,MA Short Sleeve,3
S002433955,0,MT T-Shirt,0.9
S002434014,0,MB Pants,3.3
S002434050,0,M Athletic Shoe/CW2288-111,17.1
S002434094,0,W Boots Syn,4.2
S002434122,0,Belt,1.5
S002434199,0,WT T-Shirt,2.7
S002434208,0,Purse Small,4
S002434215,0,WB Pants,3.9
S002434227,0,WB Pants,3.9
S002434231,0,WA Shorts,2.7
S002434236,0,WB Khakis,3.3
S002434239,0,WB Pants,2.7
S002434254,0,M Athletic Shoe,7.6
S002434323,0,W Athletic Shoe,15.2
S002434332,0,MT L Sleeve,3
S002434348,0,WT T-Shirt /Sanrio,2.4
S002434371,0,WB Pants,3.3
S002434374,0,WB Pants,3.3
S002434456,0,MT L Sleeve,3.9
S002434584,0,W Athletic Shoe/b&w,9.5
S002434595,0,Purse Small,6.3
S002434649,0,M Athletic Shoe,15.2
S002434697,0,WT Long Sleeve,3.6
S002434713,0,WB Pants,3.3
S002434723,0,WT Long Sleeve,2.4
S002434756,0,WT Long Sleeve,2.4
S002434801,0,MA Short Sleeve,2.7
S002434975,0,WA Shorts,3
S002434980,0,Purse Small / Tan,6.3
S002434997,0,MB Pants,4.88
S002435046,0,WT Long Sleeve,1.8
S002435071,0,WT Long Sleeve,3
S002435135,0,MA Pants,3.6
S002435162,0,WT T-Shirt L/S,2.4
S002435179,0,WB Skirt Short,3.25
S002435192,0,MB Shorts,2.4
S002435216,0,WT T-Shirt L/S,2.1
S002435232,0,WO Light,3.3
S002435235,0,WT Long Sleeve,2.4
S002435236,0,WT Long Sleeve,3
S002435250,0,MA Short Sleeve,2.7
S002435260,0,WT Long Sleeve,2.4
S002435261,0,Belt,3.6
S002435269,0,WT T-Shirt L/S,1.8
S002435299,0,MB Denim,3.9
S002435350,0,WB Pants,3.9
S002435366,0,WT T-Shirt L/S,2.1
S002435384,0,Purse Small,7.6
S002435402,0,WO Light,5.2
S002435439,0,MB Denim,5.85
S002435485,0,M Athletic Shoe / Blue,11.4
S002435500,0,WB Pants,3.9
S002435518,0,WB Pants,4.5
S002435546,0,WT Long Sleeve,1.8
S002435595,0,WB Pants,3.3
S002435662,0,WD Dress Short,3.96
S002435679,0,WB Denim,4.8
S002435724,0,M Casual Shoe Syn,4.2
S002435750,0,WT Long Sleeve,3
S002435788,0,WA Jacket / as is,4.2
S002435793,0,WT T-Shirt L/S/Toy story,1.33
S002435799,0,WT Long Sleeve,3.9
S002435826,0,WA Shorts,7.6
S002435864,0,WB Pants,3.3
S002435869,0,WB Skirt Long / 2pc,3
S002435881,0,MO Heavy,8.75
S002435888,0,WT Long Sleeve,3
S002435889,0,WB Denim/Joes,4.8
S002435909,0,MT LW Sweatshirt,5.6
S002435954,0,WT Long Sleeve,3.6
S002435955,0,WT Long Sleeve,3.6
S002435996,0,WT Long Sleeve,2.4
S002436017,0,WT Long Sleeve,3.9
S002436018,0,WT Long Sleeve,3
S002436038,0,3PackSocks,3.5
S002436039,0,3PackSocks,3.5
S002436047,0,WD Romper,2.4
S002436057,0,WT T-Shirt L/S,1.33
S002436078,0,WT Long Sleeve,3.6
S002436080,0,WT Long Sleeve,3.9
S002436081,0,WT Long Sleeve,3.9
S002436083,0,WT T-Shirt L/S,2.4
S002436120,0,WD Dress Long / White Pink,2.4
S002436134,0,MT T-Shirt / Notorious BIG,1.8
S002436150,0,WT Long Sleeve,3.9
S002436151,0,WT Long Sleeve,3.9
S002436154,0,WT Long Sleeve,1.8
S002436156,0,WT Long Sleeve,2.4
S002436161,0,WT Long Sleeve,1.5
S002436230,0,MA Jacket,9.12
S002436300,0,WT T-Shirt L/S,2.4
S002436353,0,WA Shorts/2 pc,2.1
S002436363,0,WT Long Sleeve,3
S002436389,0,WT Long Sleeve,2.4
S002436404,0,WT T-Shirt L/S/LAHearts,1.5
S002436405,0,WT Long Sleeve,2.7
S002436407,0,WT Long Sleeve,1.8
S002436408,0,WB Denim,5.33
S002436409,0,WT LW Cardigan,3.9
S002436423,0,WT Long Sleeve,3.6
S002436445,0,WT T-Shirt L/S,2.4
S002436455,0,MB Shorts/AS IS,3.25
S002436469,0,MB Pants,4.88
S002436471,0,WT T-Shirt L/S,2.1
S002436483,0,MB Shorts,5.6
S002436496,0,WB Denim,6.6
S002436524,0,WT Long Sleeve,3
S002436546,0,WT T-Shirt L/S,1.8
S002436555,0,WT Long Sleeve,2.4
S002436630,0,WA Long Sleeve,4.2
S002436638,0,WD Dress Short,4.62
S002436643,0,Purse Large / Black AsIs,9.5
S002436654,0,W Boots Winter / Black,14
S002436659,0,W Boots Winter / Red,4.67
S002436663,0,WT Long Sleeve / Karl Lagerfeld,2.4
S002436781,0,WT Long Sleeve,3.9
S002436782,0,WT T-Shirt L/S,2.4
S002436785,0,WA Long Sleeve,2.4
S002436786,0,WT Long Sleeve,3
S002436787,0,WT Long Sleeve,2.4
S002436802,0,WT Long Sleeve,3
S002436861,0,WO Light,4.5
S002436870,0,WT Long Sleeve/nikka k,1.8
S002436873,0,WT T-Shirt L/S,1.8
S002436886,0,WT T-Shirt L/S,2.4
S002436888,0,WT Long Sleeve,2.4
S002436890,0,WT T-Shirt L/S,3
S002436891,0,WT T-Shirt L/S/premium 51,2.1
S002436912,0,WT T-Shirt L/S,2.1
S002436951,0,MT LW Sweatshirt,2.4
S002436956,0,WB Denim,4.8
S002437020,0,WT T-Shirt L/S,2.1
S002437025,0,WT LW Cardigan,3.25
S002437064,0,WT Long Sleeve,3.9
S002437117,0,WA Pants,10
S002437124,0,WB Denim,3.9
S002437126,0,WB Denim,6
S002437127,0,WD Dress Short,4.62
S002437128,0,WA Pants,3
S002437138,0,WD Dress Long,4.67
S002437151,0,WB Pants / 2 pc,3.3
S002437158,0,WT T-Shirt L/S,2.4
S002437303,0,WB Denim,6
S002437370,0,WT T-Shirt L/S,2.4
S002437398,0,WB Denim,5.85
S002437399,0,WA Jacket,15.2
S002437443,0,WT Long Sleeve,2.4
S002437445,0,MO Light,3.9
S002437453,0,WB Denim,4.8
S002437473,0,WT Long Sleeve,1.5
S002437542,0,WT Long Sleeve,3.25
S002437544,0,WT LW Sweater,3.9
S002437567,0,WT LW Sweater,3.25
S002437578,0,MA Pants,3.6
S002437594,0,MT T-Shirt,1.8
S002437604,0,WT Long Sleeve,2.4
S002437608,0,WT Long Sleeve,3
S002437611,0,WA Pants,2.4
S002437662,0,MB Denim,5.85
S002437675,0,WT Long Sleeve,2.4
S002437716,0,WD Dress Long,4.67
S002437759,0,WT T-Shirt L/S,3
S002437760,0,WT T-Shirt L/S,3
S002437761,0,WT T-Shirt L/S,2.4
S002437785,0,WA Pants,4.2
S002437803,0,MO Light,9.5
S002437813,0,WT LW Sweater,3.25
S002437877,0,WT LW Sweater,3.6
S002437951,0,WT T-Shirt L/S,2.1
S002437954,0,WT Long Sleeve,3
S002437957,0,WT T-Shirt L/S,2.1
S002437960,0,WA Pants,2.4
S002437986,0,WT S Sleeve,1.33
S002437988,0,WT Long Sleeve,2.4
S002438002,0,WT T-Shirt L/S,2.1
S002438034,0,W Casual Shoe Syn,1
S002438052,0,phone case/kate spade,2.8
S002438074,0,MA Short Sleeve,2.4
S002438075,0,MT LW Sweater,2.6
S002438076,0,WA Pants,3.6
S002438091,0,MA Jacket,5.4
S002438106,0,Sports Bra,1.8
S002438152,0,MB Shorts,3.9
S002438216,0,Purse Small,6.3
S002438237,0,WT LW Sweater,3
S002438252,0,WA Pants,2.4
S002438294,0,WD Dress Long,7.2
S002438319,0,WT Long Sleeve,2.4
S002438342,0,MT T-Shirt L/S / CrashBandicoot,2.1
S002438355,0,WT LW Sweater/carolyntaylor,1.25
S002438372,0,WA Pants,3.6
S002438405,0,WD Dress Long,8
S002438421,0,WA Long Sleeve,4.2
S002438469,0,WT Long Sleeve,3.9
S002438473,0,WT LW Sweater,3.25
S002438474,0,WT Long Sleeve,3.6
S002438475,0,WB Pants,4.5
S002438481,0,WB Pants,3.3
S002438489,0,WB Pants,3.3
S002438491,0,WB Pants,3.9
S002438495,0,WT Long Sleeve,2.4
S002438504,0,WT Long Sleeve,3
S002438516,0,WB Khakis,2.7
S002438544,0,WB Pants,3.3
S002438555,0,WB Pants,3.9
S002438571,0,WA Tank,3.3
S002438591,0,WT T-Shirt L/S,1.33
S002438597,0,WB Pants,4.5
S002438604,0,MT T-Shirt L/S,2.1
S002438606,0,WT T-Shirt L/S,1.8
S002438626,0,MB Denim,5.85
S002438628,0,MT T-Shirt,1.8
S002438633,0,MT T-Shirt,1.5
S002438654,0,Necklace/Cancer,0.8
S002438656,0,Necklace/Cancer,0.6
S002438693,0,WT T-Shirt L/S,1.5
S002438715,0,WB Skirt Short,2.6
S002438759,0,WB Black,1.87
S002438769,0,WB Pants,3.3
S002438770,0,WB Pants,3.9
S002438777,0,WB Pants,3.9
S002438779,0,WT T-Shirt L/S,1.8
S002438780,0,WT T-Shirt L/S,2.1
S002438787,0,WB Pants,3.9
S002438793,0,WB Black,3.6
S002438808,0,WB Khakis,4.5
S002438814,0,WD Dress Short/gren,1.8
S002438817,0,WT Long Sleeve,2.4
S002438827,0,WT Long Sleeve,2.4
S002438830,0,WT T-Shirt L/S,1.33
S002438837,0,MT T-Shirt/trippieredd,1.5
S002438857,0,WT Long Sleeve,2.4
S002438858,0,WB S/S BodySuit,2.4
S002438859,0,WB S/S BodySuit,2.4
S002438866,0,WB Black,3.6
S002438875,0,WD Dress Short,3.96
S002438876,0,WO Light,3.3
S002438878,0,WT Long Sleeve,2.4
S002438918,0,WT T-Shirt L/S,2.7
S002438930,0,WD Dress Long,4.67
S002438951,0,WT T-Shirt L/S,1.8
S002439021,0,WT Long Sleeve,3.6
S002439026,0,WD Dress Short,3.96
S002439033,0,Jewelry/watch,5.28
S002439054,0,WT Long Sleeve,2.4
S002439064,0,Scarf,1.2
S002439065,0,Scarf,1.2
S002439072,0,WT Long Sleeve,3.9
S002439076,0,Jewelry / Silver Ring,0.6
S002439087,0,Jewelry / Silver Necklace,2
S002439092,0,Jewelry / Gold Necklace,2
S002439093,0,Jewelry / Small Silver Earrings,0.8
S002439095,0,Jewelry / Small Silver Earrings,0.8
S002439108,0,Jewelry / Gold Blue Earrings,0.6
S002439110,0,Jewelry / Pink Earrings,0.6
S002439194,0,WT T-Shirt L/S / LSU,2.1
S002439202,0,MT T-Shirt / PhluidProject,1.8
S002439217,0,WT T-Shirt L/S,1.8
S002439230,0,WT Long Sleeve,2.4
S002439231,0,WT Long Sleeve,2.4
S002439235,0,WT Long Sleeve,6.08
S002439246,0,WT Long Sleeve,2.4
S002439284,0,WT Long Sleeve,1.8
S002439296,0,WT Long Sleeve,1.5
S002439329,0,WB Shorts,1.07
S002439391,0,MA Jacket,4.8
S002439419,0,WT Long Sleeve,3
S002439468,0,WT T-Shirt L/S,2.1
S002439480,0,WT Long Sleeve,3
S002439483,0,WT T-Shirt L/S,2.4
S002439487,0,WT T-Shirt L/S,1.8
S002439489,0,Beanie/ royal blue,1
S002439518,0,WD Dress Long/true,2.4
S002439598,0,Headband/lace,0.6
S002439601,0,Hair Clip,0.9
S002439603,0,Scrunchie,0.25
S002439604,0,Bracelet Set/orange,1.5
S002439612,0,Bracelet/silvercharms,0.8
S002439653,0,WT T-Shirt,2.4
S002439695,0,WT T-Shirt/gratefuldead,1.8
S002439731,0,WT LW Sweater,3
S002439734,0,WB Pants,2.7
S002439845,0,WT Long Sleeve,3
S002439861,0,MA Tank,2.1
S002439891,0,Purse Small,4
S002439904,0,Jewelry/earring,1.5
S002439910,0,Jewelry/earring,1.5
S002439913,0,Jewelry/earring,0.8
S002439938,0,WB Pants,3.9
S002439986,0,WD Jumpsuit/as is,1.8
S002440041,0,M Athletic Shoe,7.6
S002440049,0,WO Denim/BBJ,3.3
S002440120,0,WD Dress Long,4.67
S002440134,0,MO Light,4.5
S002440164,0,WT T-Shirt,1.2
S002440176,0,WD Dress Short,3.96
S002440225,0,WA Pants,3.6
S002440235,0,MT LW Sweater,2.4
S002440260,0,MB Pants,2.7
S002440267,0,WB Pants,4.5
S002440301,0,MA Shorts,9.6
S002440324,0,MT LW Sweatshirt,3.25
S002440356,0,WB Black,4.2
S002440419,0,WB Pants,3.3
S002440422,0,MT T-Shirt,1.8
S002440499,0,MT T-Shirt,2.1
S002440563,0,WT LW Sweatshirt,2.4
S002440642,0,Jewelry/mushroom,0.6
S002440650,0,Jewelry/bats,0.4
S002440656,0,WB Pants,3.3
S002440658,0,WB Pants,3.9
S002440666,0,MT T-Shirt/powerrangers,1.8
S002440714,0,WB Pants,3.3
S002440730,0,Belt,3.6
S002440734,0,Jewelry/ bracelet grey beads,0.8
S002440743,0,Jewelry (earrings),0.8
S002440809,0,MT T-Shirt,1.8
S002440855,0,WB Pants,3.9
S002440889,0,WD Dress Short,5.6
S002440899,0,WT Long Sleeve,1.5
S002440905,0,M Athletic Shoe/ck9183 001,15.2
S002440942,0,MT T-Shirt,1.8
S002440967,0,M Athletic Shoe/fj7098 002,22.8
S002440989,0,WB Pants,3.3
S002441008,0,W Athletic Shoe,6.08
S002441013,0,Jewelry,0.8
S002441058,0,Earrings/silver hoops,0.8
S002441065,0,Ring/goldopal,0.8
S002441072,0,M Athletic Shoe,22.8
S002441122,0,WA Pants,4.2
S002441143,0,WD Dress Long,7.2
S002441287,0,WB Black,3.6
S002441303,0,WD Dress Short,2.45
S002441335,0,WA Tank / AsIs,4.2
S002441339,0,WB Pants,4.5
S002441344,0,WB Pants / Clash,3.9
S002441346,0,WB Pants,3.9
S002441347,0,WB Denim,4.5
S002441400,0,Jewelry / Tan Earrings,0.6
S002441401,0,Jewelry Gold Ring,0.6
S002441437,0,WD Dress Short,2.45
S002441477,0,WD Dress Long,4.67
S002441586,0,WB Pants,4.5
S002441589,0,WB Pants,3.9
S002441597,0,WT T-Shirt,1.5
S002441615,0,W Athletic Shoe/pink,8.36
S002441639,0,WB Pants,3.3
S002441675,0,WD Dress Long,4.67
S002441699,0,WB Skirt Short,2.6
S002441748,0,MB Shorts,5.6
S002441805,0,WB Pants,4.5
S002441850,0,W Athletic Shoe / White Grey,9.12
S002441861,0,MB Shorts,4.67
S002441887,0,Jewelry,2
S002441891,0,Jewelry,2
S002441912,0,MT T-Shirt L/S,3.25
S002441915,0,MT T-Shirt,1.8
S002441918,0,WD Dress Long,2.4
S002441931,0,Jewelry,0.6
S002441995,0,WB Shorts,3.6
S002442087,0,WB Pants,3.9
S002442090,0,WA Tank,3.3
S002442111,0,WA Long Sleeve,4.2
S002442129,0,WB Pants,4.5
S002442133,0,WB Pants,4.5
S002442154,0,MT T-Shirt,2.6
S002442202,0,WB Pants,3.9
S002442207,0,keychain/pink,2.1
S002442214,0,WB Pants,3.3
S002442235,0,WB Denim,4.8
S002442257,0,WB Pants,6.65
S002442303,0,WB Pants,3.9
S002442304,0,WB Pants,3.9
S002442306,0,WT Long Sleeve,2.4
S002442315,0,M Athletic Shoe / Blue,13.3
S002442323,0,MA Shorts,5.2
S002442340,0,WA Shorts,3
S002442409,0,WT Long Sleeve,1.8
S002442477,0,WT Long Sleeve,2.4
S002442488,0,WT LW Sweater,3.9
S002442531,0,ring-pink & silver,0.8
S002442532,0,earring- polaroid,0.8
S002442537,0,earring-lightning,0.8
S002442538,0,earring-hoop heart,1.5
S002442539,0,earring-small hoop silver,0.8
S002442545,0,blue bow,1.5
S002442563,0,MA Tank,6.08
S002442575,0,MA Tank,2.4
S002442577,0,MA Tank,2.4
S002442610,0,M Athletic Shoe,11.4
S002442612,0,M Athletic Shoe/xNikeZoom,13.3
S002442637,0,WB Pants,3.3
S002442642,0,WB Pants,3.3
S002442649,0,Purse Large/thetotebag,4.9
S002442667,0,WB Pants,3.3
S002442673,0,Banner/blanket,0.9
S002442679,0,WB Pants,4.5
S002442746,0,WT T-Shirt,2.4
S002442747,0,WT Long Sleeve,3.9
S002442787,0,WD Dress Long,4.67
S002442789,0,WB Pants/kreamy,3.9
S002442802,0,WT T-Shirt L/S,2.4
S002442815,0,WB Pants,3.9
S002442845,0,WB Skirt Short,1.33
S002442867,0,WB Pants,3.9
S002442868,0,WB Pants,3.9
S002442869,0,WB Pants / AlfredDunner,2.7
S002442885,0,WT Long Sleeve,4.55
S002442888,0,WB Black,4.8
S002442892,0,WB Pants,2.7
S002442924,0,WB Pants,3.9
S002442926,0,WB Black,3
S002442932,0,MB Denim,4.8
S002442938,0,WB Pants,3.3
S002442948,0,WA Pants,4.2
S002442974,0,WB F/W BodySuit,3.9
S002442989,0,WB Pants,3.3
S002442994,0,Jewelry / Teddy Clip-on Earrings,0.6
S002442999,0,Jewelry / Ring,0.4
S002443003,0,Jewelry / Ring,0.4
S002443006,0,Jewelry / Ring,0.4
S002443014,0,Jewelry / Black Fidget Ring,0.6
S002443019,0,Jewelry / Gold Star Choker,0.8
S002443022,0,WB Pants,3.3
S002443024,0,WB Pants,4.5
S002443025,0,WT LW Sweater,3.25
S002443033,0,Jewelry / MermaidTail Necklace,1.5
S002443045,0,WT Long Sleeve,3
S002443071,0,MT LW Sweatshirt,2.4
S002443085,0,WB Black / SoftSurroundings,4.2
S002443155,0,M Athletic Shoe/black,9.5
S002443162,0,Jewelry / Silver Necklace,2
S002443167,0,Jewelry / Gold Necklace,2
S002443173,0,Jewelry / Small Silver Earrings,0.8
S002443196,0,Jewelry / Medium Silver Earrings,1.5
S002443205,0,WD Romper,3
S002443208,0,WB Black,4.2
S002443221,0,WB Pants,3.3
S002443222,0,WB Pants,3.3
S002443224,0,WB Pants,3.3
S002443225,0,Jewelry / Brown Earrings,0.6
S002443248,0,MB Denim,5.85
S002443281,0,WT Long Sleeve,3
S002443509,0,WT Long Sleeve,3.9
S002443511,0,WT Long Sleeve,3
S002443576,0,MB Denim,6.18
S002443645,0,M Athletic Shoe,15.2
S002443718,0,MA Short Sleeve,2.4
S002443729,0,MA Tank,1.8
S002443747,0,WA Shorts,2.7
S002443748,0,MT T-Shirt,2.6
S002443758,0,WB Denim,4.55
S002443789,0,WT LW Sweater,3.9
S002443797,0,WT Long Sleeve,3.9
S002443837,0,WB F/W BodySuit/maddennyc,3
S002443849,0,WT Long Sleeve,2.4
S002443868,0,MT T-Shirt,1.8
S002443896,0,WT Long Sleeve,3
S002443908,0,WT Long Sleeve,3.6
S002443932,0,W Athletic Shoe,15.2
S002443944,0,WB Denim,6
S002443950,0,WT T-Shirt L/S,1.33
S002443982,0,WT T-Shirt L/S,2.4
S002443995,0,WT Long Sleeve,3
S002443996,0,Jewelry/ necklace,0.8
S002443997,0,WT Long Sleeve,3
S002444105,0,WA Jacket,4.8
S002444106,0,WT Long Sleeve,2.4
S002444118,0,MB Pants,3.3
S002444131,0,W Swimwear / P Shekini Top,1.8
S002444140,0,W Swimwear / B Shekini Top,1.8
S002444141,0,W Swimwear / B Shekini Bottom,1.8
S002444149,0,W Swimwear / Y Shekini Bottom,1.8
S002444174,0,WB Denim,3.9
S002444223,0,WD Dress Long,3
S002444233,0,WT Long Sleeve,3
S002444249,0,Purse Small  / Black AsIs 2pc,1.25
S002444265,0,WT T-Shirt,1.2
S002444266,0,WD Dress Long,8
S002444302,0,WB Pants,3.9
S002444316,0,WB Pants,3.9
S002444319,0,WD Dress Long,2.4
S002444323,0,WT T-Shirt,2.1
S002444363,0,WT Long Sleeve,2.4
S002444365,0,WT Long Sleeve,2.4
S002444433,0,WT Long Sleeve,2.4
S002444436,0,WT T-Shirt L/S,2.4
S002444437,0,WT Long Sleeve,2.4
S002444438,0,WT T-Shirt L/S,1.8
S002444446,0,WT Long Sleeve,3.9
S002444463,0,Jewelry,0.6
S002444473,0,Jewelry,0.8
S002444491,0,WT Long Sleeve,2.4
S002444494,0,Jewelry/engraved,0.8
S002444497,0,WA Shorts,5.85
S002444507,0,WD Jumpsuit,3
S002444537,0,WD Dress Short,2.45
S002444560,0,WT T-Shirt L/S,2.1
S002444561,0,WT T-Shirt L/S,1.5
S002444562,0,WT T-Shirt L/S,2.1
S002444588,0,WA Shorts/Katie,2.7
S002444617,0,WB Black,3
S002444637,0,WT T-Shirt L/S,1.8
S002444651,0,WT T-Shirt L/S,2.1
S002444696,0,WT T-Shirt L/S,1.8
S002444702,0,WT Long Sleeve,2.4
S002444728,0,WT LW Sweatshirt,5.2
S002444734,0,W Athletic Shoe,6.84
S002444761,0,MB Denim/SZ46waist,4.2
S002444774,0,WT T-Shirt L/S,2.4
S002444784,0,WT Long Sleeve/whitelace,2.4
S002444786,0,WT S Sleeve/blacklace,2.1
S002444837,0,WB Pants,5.95
S002444853,0,WT Long Sleeve/floral,1.8
S002444885,0,WA Shorts,3
S002444889,0,M Athletic Shoe,9.5
S002444891,0,M Athletic Shoe,7.6
S002444929,0,MA Pants,4.2
S002444967,0,WB Pants,3.3
S002445071,0,WB Pants,3.3
S002445149,0,Anklet Set,1.5
S002445153,0,Sports Bra,2.1
S002445155,0,WA Pants,3.6
S002445188,0,WB Skirt Short,1.8
S002445190,0,WD Dress Short,4.2
S002445267,0,WB Denim,4.8
S002445297,0,WT T-Shirt,1.8
S002445309,0,M Athletic Shoe/843694-716,9.5
S002445317,0,MA Shorts/janji,3
S002445330,0,MA Shorts,5.85
S002445368,0,MT T-Shirt,1.8
S002445390,0,WT T-Shirt / Batman,1.8
S002445416,0,W Athletic Shoe/655020-053,9.5
S002445466,0,MT T-Shirt,2.1
S002445467,0,WA Long Sleeve,3.3
S002445472,0,WB Shorts,2.4
S002445473,0,WB Shorts,2.4
S002445490,0,MA Long Sleeve,2.1
S002445492,0,MT T-Shirt/2pac,1.8
S002445524,0,WD Dress Long,5.6
S002445686,0,WB Pants,3.9
S002445710,0,WT T-Shirt,1.8
S002445745,0,WA Pants,7
S002445752,0,MA Short Sleeve,2.1
S002445777,0,WB Khakis,3.3
S002445785,0,WD Dress Short,4.62
S002445795,0,Jewelry/Chain necklace,1.5
S002445814,0,MT T-Shirt/frostedlakes,1.5
S002445886,0,WB Denim/ as is,4.8
S002446077,0,WD Dress Long,4.67
S002446093,0,WB Denim,3.3
S002446123,0,WB Pants,3.9
S002446125,0,WB Pants,3.9
S002446136,0,WB Pants,4.5
S002446164,0,WB Pants,3.3
S002446245,0,WB Pants,3.9
S002446259,0,WT Long Sleeve/grey,3
S002446260,0,WT Long Sleeve/black,3
S002446261,0,WT Long Sleeve/white,3.6
S002446274,0,WO Light,9.5
S002446284,0,W Athletic Shoe,6.08
S002446298,0,WT Long Sleeve,1.5
S002446300,0,WT LW Sweater,4.62
S002446312,0,WA Shorts,2.7
S002446367,0,WT Long Sleeve,2.4
S002446482,0,WT T-Shirt,1.8
S002446509,0,WT Long Sleeve,2.1
S002446513,0,WB F/W BodySuit,3.3
S002446515,0,WT T-Shirt L/S/chillionare,2.7
S002446533,0,WT LW Sweatshirt,5.85
S002446544,0,WT Long Sleeve,4.55
S002446558,0,WT T-Shirt L/S,1.8
S002446566,0,WT Long Sleeve,2.4
S002446585,0,WA Shorts,2.7
S002446608,0,WB Pants,3.3
S002446639,0,WT Long Sleeve,4.55
S002446656,0,MB Denim,4.8
S002446665,0,EaringsSet,3.5
S002446669,0,Bracelet Set,1.65
S002446677,0,WT Long Sleeve,3
S002446678,0,WT Long Sleeve,3
S002446684,0,WT T-Shirt,1.5
S002446689,0,WT T-Shirt L/S,1.8
S002446695,0,WT T-Shirt L/S,2.1
S002446703,0,WT Long Sleeve,1.5
S002446705,0,WT Long Sleeve,3.6
S002446732,0,WB F/W BodySuit,3.9
S002446733,0,WT Long Sleeve,3
S002446736,0,WT Long Sleeve,3.25
S002446747,0,WB F/W BodySuit,2.1
S002446750,0,WT Long Sleeve / Pink,1.5
S002446755,0,WA Shorts,2.1
S002446758,0,WT T-Shirt L/S,1.8
S002446766,0,WT Long Sleeve / StrawberryKiss,1.5
S002446788,0,WB Denim / PRVCY,4.8
S002446803,0,MB Pants,3.3
S002446804,0,WB Denim,3.9
S002446849,0,Purse Small / Tan Ruffle,4
S002446873,0,WT Long Sleeve,2.4
S002446891,0,M Athletic Shoe / Blue,11.4
S002447107,0,WT Long Sleeve,3.9
S002447133,0,WT Long Sleeve,2.4
S002447137,0,WT Long Sleeve,1.8
S002447140,0,WB Pants,5.95
S002447171,0,WB Pants,3.3
S002447214,0,W Swimwear/purple bottom,2.4
S002447228,0,WT Long Sleeve,3.9
S002447244,0,WD Dress Short,5.6
S002447294,0,W Athletic Shoe,6.84
S002447306,0,WB Shorts,1.33
S002447314,0,Purse Small/ silver chain,0.8
S002447319,0,Jewelry/ silver,0.8
S002447340,0,WT LW Cardigan,3.9
S002447470,0,WT Long Sleeve,3.9
S002447488,0,WB Pants / YearofOurs,3.9
S002447552,0,WA Long Sleeve,6.5
S002447580,0,MT T-Shirt L/S,2.6
S002447638,0,WB Pants,3.9
S002447648,0,WA Jacket / 2pc,2.4
S002447649,0,WA Pants / 2pc,2.4
S002447694,0,WT LW Sweater,3.9
S002447701,0,WA Long Sleeve,1.6
S002447709,0,MB Pants,3.9
S002447713,0,MT LW Sweatshirt/doritos,3.25
S002447744,0,WB Denim,4.8
S002447750,0,WB Pants,3.6
S002447792,0,WD 2PC,3.6
S002447823,0,WD Dress Long / SwimCoverUp,7.2
S002447828,0,WB Skirt Short,2.6
S002447911,0,WT T-Shirt L/S,2.1
S002448068,0,WB Denim,4.55
S002448139,0,MB Pants,3.9
S002448152,0,MB Denim,3.9
S002448176,0,WA Pants,3
S002448180,0,WB Skirt Long / Brown,3
S002448181,0,WT Long Sleeve / Green,1.5
S002448182,0,WT Long Sleeve / Green,1.5
S002448229,0,W Swimwear/2pc dragon,1.8
S002448262,0,WD Romper,3
S002448271,0,WB Overalls,4.8
S002448287,0,WT LW Sweater,3.9
S002448396,0,WD Dress Long,4.67
S002448406,0,WT T-Shirt L/S,2.1
S002448440,0,MT T-Shirt,2.6
S002448449,0,M Athletic Shoe,13.3
S002448460,0,WA Shorts,2.1
S002448516,0,bracelet- green,1.5
S002448520,0,bracelet- gold,2
S002448528,0,W Casual Shoe Syn,3.5
S002448556,0,W Swimwear / USA Top,1.5
S002448654,0,MT T-Shirt,2.6
S002448728,0,WB Pants/ as is,3.3
S002448746,0,MB Pants,3.3
S002448768,0,MB Pants,3.9
S002448784,0,WB Denim,2.7
S002448790,0,WA Pants,8.74
S002448822,0,WA Pants,4.2
S002448842,0,Sports Bra,1.8
S002448851,0,WA Long Sleeve,2.1
S002448854,0,WT Long Sleeve,2.4
S002448868,0,WT Long Sleeve,2.4
S002448947,0,W Swimwear / Pink Bottom,2.4
S002449025,0,WB Denim,4.8
S002449041,0,WB Black,3.6
S002449047,0,WT T-Shirt L/S,2.4
S002449049,0,MT T-Shirt / Christmas,1.8
S002449110,0,MA Shorts,4.2
S002449119,0,MT LW Sweatshirt,3
S002449138,0,WD Dress Short,3.96
S002449153,0,WA Tank,1.33
S002449155,0,WB Pants,4.5
S002449169,0,M Athletic Shoe,5.25
S002449255,0,WB Pants,3.3
S002449259,0,WT Long Sleeve,3
S002449261,0,WT Long Sleeve,3
S002449269,0,WT Long Sleeve,3
S002449282,0,WB S/S BodySuit,1.8
S002449283,0,MA Pants,3
S002449284,0,WD Dress Long,4.67
S002449290,0,WA Romper,3
S002449308,0,WT T-Shirt L/S,1.8
S002449317,0,WT Long Sleeve,3
S002449340,0,WT Long Sleeve,2.4
S002449410,0,WB Shorts,1.8
S002449456,0,WB Denim,4.8
S002449480,0,WD Dress Long,2.4
S002449487,0,WB Shorts,2.4
S002449504,0,MT T-Shirt,1.8
S002449526,0,MA Pants,5.2
S002449535,0,WB Romper,3.3
S002449541,0,MB Pants,3.3
S002449609,0,WB Denim,4.8
S002449610,0,WB Denim/melissa mccarthy,4.8
S002449611,0,WB Denim,4.8
S002449612,0,WB Denim/melissa mccarthy,4.8
S002449613,0,WB Denim/melissa mccarthy,4.8
S002449622,0,WB Denim,4.8
S002449629,0,Baseball Hat/yankees,4.2
S002449655,0,WB Skirt Long,2.4
S002449689,0,MT L Sleeve,3
S002449705,0,WA Pants/Black,7
S002449710,0,WA Shorts,2.7
S002449714,0,WT Long Sleeve,3.9
S002449718,0,WT Long Sleeve/Como Vintage,3
S002449724,0,WB Pants,4.5
S002449735,0,WT T-Shirt L/S,2.4
S002449745,0,WD Dress Long,4.67
S002449746,0,WD Dress Long,6.4
S002449777,0,Purse Large,5.6
S002449800,0,WA Shorts,3
S002449802,0,WD Dress Long,4.67
S002449803,0,WB Shorts,1.33
S002449818,0,Duffel bag,8
S002449822,0,WT T-Shirt,1.5
S002449823,0,WT T-Shirt L/S,1.8
S002449839,0,WT Long Sleeve,3.9
S002449840,0,WT T-Shirt L/S,1.8
S002449841,0,WT T-Shirt L/S,2.1
S002449842,0,WT T-Shirt L/S,2.1
S002449851,0,WB Denim,3.9
S002449902,0,Purse Small/asis,4.9
S002449909,0,W Boots Leather,9.6
S002449926,0,M Athletic Shoe,11.4
S002449933,0,WD Dress Long,4.55
S002449945,0,MA Jacket,3.6
S002449952,0,WB Khakis,3.9
S002450002,0,WB Pants,3.9
S002450003,0,WB Pants,3.3
S002450016,0,WA Pants,3
S002450023,0,WB Pants,3.3
S002450025,0,WT Long Sleeve,2.4
S002450026,0,WT Long Sleeve,3
S002450027,0,WT Long Sleeve,3.9
S002450036,0,WB Shorts,1.8
S002450043,0,ring- butterfly,0.8
S002450053,0,WB Shorts,1.33
S002450056,0,WB F/W BodySuit,2.7
S002450095,0,WB Skirt Short/contempo,2.6
S002450105,0,WT T-Shirt L/S,2.1
S002450109,0,WB Pants,3.9
S002450122,0,WT LW Cardigan,3.25
S002450127,0,WT Long Sleeve,3
S002450161,0,WA Tank,1.33
S002450179,0,MB Denim,6.18
S002450185,0,Jewelry,0.8
S002450187,0,WT Long Sleeve,3
S002450188,0,WA Short Sleeve,2.1
S002450191,0,WT Long Sleeve,3
S002450193,0,WT Long Sleeve,3
S002450203,0,WT T-Shirt,2.4
S002450207,0,WT T-Shirt L/S,2.4
S002450216,0,WT T-Shirt L/S,2.1
S002450239,0,MB Denim,4.2
S002450255,0,W Swimwear Cover,1.5
S002450267,0,Purse Small / Clear Daisy,1.25
S002450281,0,W Boots Syn / Black,5.6
S002450283,0,WD Dress Long,4.67
S002450284,0,WD Dress Long,3
S002450334,0,1 Pair of Socks/purple,1.65
S002450338,0,MA Tank/byltwhite,3.6
S002450461,0,WD Dress Long,8
S002450494,0,WT T-Shirt L/S,3
S002450528,0,WT Long Sleeve,1.5
S002450586,0,Jewelry/Pura Vida,0.4
S002450588,0,Jewelry/S Necklace,0.8
S002450592,0,WB Skirt Long/2pc,3
S002450680,0,WT T-Shirt L/S,3
S002450706,0,Sports Bra,4.2
S002450710,0,WD Dress Short,3.96
S002450728,0,WB Denim,5.94
S002450730,0,W Swimwear top- green,1.8
S002450732,0,W Swimwear bottom- flower,1.5
S002450752,0,WB Shorts,2.4
S002450755,0,MT S Sleeve,2.7
S002450756,0,WB Pants,3.9
S002450769,0,WB Pants,3.9
S002450777,0,WD Dress Long,4.67
S002450781,0,WB Pants,3.3
S002450791,0,WB Shorts,1.8
S002450812,0,WB Pants,3.9
S002450819,0,WD Dress Long / Fiestar,4.55
S002450825,0,WT T-Shirt,1.5
S002450834,0,WD Dress Long,4.55
S002450858,0,WD Dress Short / 2 pc,3
S002450890,0,MA Shorts,3
S002450937,0,WD Dress Short,2.8
S002450938,0,WD Dress Short,2.45
S002450967,0,WB S/S BodySuit,3.57
S002451049,0,WT Long Sleeve,3
S002451063,0,WA Pants,3.6
S002451064,0,WA Pants,3.6
S002451101,0,MA Tank,2.4
S002451106,0,WT Long Sleeve,3.9
S002451110,0,W Swimwear,1.5
S002451113,0,WA Shorts,3.6
S002451114,0,WB Pants,3.3
S002451115,0,WD Dress Short,4.62
S002451118,0,WB Pants,3.9
S002451139,0,WB Pants,3.9
S002451149,0,WT T-Shirt,1.5
S002451152,0,WD Dress Short,5.6
S002451153,0,WB Pants,2.7
S002451167,0,WD Dress Short,2.45
S002451170,0,WB Pants,3.3
S002451176,0,WD Dress Short,5.6
S002451177,0,WB Pants,5.95
S002451189,0,WD Dress Short,2.45
S002451193,0,WB Pants,3.9
S002451196,0,WD Dress Short,4.62
S002451229,0,WT Long Sleeve,2.4
S002451296,0,Sports Bra,1.8
S002451300,0,WT Long Sleeve,2.4
S002451306,0,WD Dress Short,2.45
S002451317,0,WT T-Shirt L/S,1.8
S002451325,0,MT S Sleeve,2.1
S002451329,0,WA Tank,3.6
S002451362,0,WA Pants,10
S002451380,0,Sports Bra/2 pc,2.4
S002451414,0,WB Denim,4.55
S002451435,0,WB Pants,3.3
S002451442,0,MB Pants,3.3
S002451519,0,MT T-Shirt,2.6
S002451541,0,WT T-Shirt- asis,1.8
S002451548,0,W Swimwear Bottom / 2pc,1.5
S002451551,0,WD Dress Short,2.8
S002451554,0,WT LW Sweatshirt,3
S002451556,0,WD Dress Short,2.8
S002451561,0,WD Dress Short,3
S002451571,0,WB Pants,3.9
S002451586,0,WT Long Sleeve,2.4
S002451597,0,WD Dress Short,3.96
S002451600,0,WB Pants,3.9
S002451602,0,WB Skirt Short,2.6
S002451611,0,WT T-Shirt L/S,2.1
S002451621,0,WT T-Shirt L/S,3
S002451623,0,WT T-Shirt,2.7
S002451626,0,Jewelry,0.6
S002451627,0,Jewelry,0.6
S002451628,0,Jewelry,0.6
S002451629,0,Jewelry,0.6
S002451630,0,Jewelry,0.6
S002451631,0,Jewelry,0.6
S002451642,0,WD Dress Short,3.96
S002451645,0,WT Long Sleeve,3
S002451648,0,WD Dress Short,2.45
S002451687,0,WA Tank,3.3
S002451690,0,WA Tank,1.33
S002451717,0,WT T-Shirt L/S,1.8
S002451719,0,WD Dress Short,5.6
S002451723,0,MT T-Shirt/ halloween,1.8
S002451737,0,Belt,1.5
S002451753,0,Sports Bra,3.6
S002451824,0,socks emperor new groove,0.6
S002451894,0,WB Skirt Short,1.65
S002451902,0,WO Denim,4.55
S002451903,0,WO Denim,6.65
S002451905,0,WT LW Sweatshirt,3.6
S002451913,0,WT T-Shirt L/S,2.4
S002451919,0,WB Pants,4.5
S002451945,0,WD Dress Long/lisamarie,2.4
S002451995,0,WD Dress Short,3.96
S002452000,0,WD Dress Long,2.1
S002452034,0,WD Dress Short,4.62
S002452036,0,MB Pants,4.5
S002452044,0,WB Black,3.6
S002452048,0,WT T-Shirt L/S,3
S002452052,0,WB Black,3.6
S002452062,0,WT Long Sleeve,4.55
S002452067,0,WB Black,4.2
S002452078,0,WD Dress Short,3.96
S002452090,0,WT Long Sleeve,3
S002452124,0,WT Long Sleeve,3
S002452125,0,WT T-Shirt L/S,2.4
S002452126,0,WO Leather,3.6
S002452153,0,Jewelry / Silver Star Earrings,0.6
S002452155,0,WT Long Sleeve,2.4
S002452165,0,WD Dress Long/cardigan,1.5
S002452166,0,WD Dress Long/cardigan,1.5
S002452194,0,WD Dress Long,3
S002452213,0,Belt red snakeskin,3.6
S002452218,0,WT Long Sleeve,1.5
S002452228,0,WT LW Sweatshirt,1.8
S002452230,0,WT T-Shirt L/S,2.4
S002452234,0,WT T-Shirt L/S,1.33
S002452255,0,WD Dress Short,2.8
S002452263,0,WA Romper,2.4
S002452271,0,WT Long Sleeve,3
S002452275,0,choker,0.8
S002452282,0,WT Long Sleeve,3
S002452286,0,WT Long Sleeve,3
S002452310,0,WD Dress Long,3
S002452323,0,WB Skirt Short / 2 pc,1.65
S002452336,0,MA Jacket,4.8
S002452356,0,WB Denim,4.8
S002452370,0,WA Shorts,2.7
S002452374,0,WA Shorts,3.6
S002452375,0,WT LW Sweatshirt,2.4
S002452400,0,WT Long Sleeve,2.4
S002452439,0,MT T-Shirt,2.1
S002452442,0,WA Pants,5.85
S002452534,0,WD Dress Short,3.96
S002452539,0,WB Pants,4.5
S002452542,0,WB Skirt Long,3
S002452555,0,MT T-Shirt,1.8
S002452563,0,WD Dress Long,2.4
S002452577,0,WA Pants,4.2
S002452611,0,WD Dress Long,4.67
S002452641,0,WB Pants,3.9
S002452650,0,MA Short Sleeve,2.7
S002452678,0,WA Skirt/red,1.5
S002452696,0,WB Pants,3.9
S002452697,0,WB Pants,3.9
S002452699,0,WT Long Sleeve,2.4
S002452732,0,WT Long Sleeve,3.9
S002452743,0,WB Pants/As Is,3.9
S002452750,0,WT Long Sleeve,3.6
S002452754,0,Wallet,2.1
S002452765,0,WD Dress Long,7.2
S002452780,0,WB Black,3.6
S002452785,0,WT Long Sleeve,3
S002452805,0,WT Long Sleeve,3.9
S002452809,0,WB Denim,3.9
S002452871,0,WB Pants,3.9
S002452876,0,WA Long Sleeve,4.2
S002452895,0,Purse Large/eeste lauder,5.6
S002452911,0,WT T-Shirt L/S,2.4
S002452927,0,WT Long Sleeve / 2pc,3
S002452945,0,WA Shorts,3
S002452961,0,WB Pants,3.9
S002452970,0,WD Dress Long / RuApparel,2.4
S002453012,0,Purse Small,7.6
S002453026,0,WD Dress Long,3
S002453083,0,WT T-Shirt / Pride,1.8
S002453086,0,WT T-Shirt / Pride,1.8
S002453125,0,WB Skirt Short,1.65
S002453130,0,WB Skirt Short,1.65
S002453136,0,WT Long Sleeve,2.4
S002453157,0,WT Long Sleeve,2.4
S002453165,0,WT Long Sleeve,3
S002453243,0,MB Denim,4.2
S002453259,0,WT Long Sleeve,2.4
S002453274,0,WD Dress Short,2.45
S002453293,0,W Swim Top,1.2
S002453296,0,WD Dress Short,2.8
S002453300,0,W Boots Syn,4.2
S002453334,0,Purse Small,2.1
S002453365,0,MT LW Sweatshirt,3.9
S002453443,0,WB Denim,3.3
S002453460,0,Belt,2.4
S002453465,0,Purse Small,4
S002453479,0,MT T-Shirt,1.07
S002453498,0,WB Pants,3.3
S002453513,0,WD Dress Short,1.8
S002453530,0,WA Long Sleeve,8.36
S002453588,0,MT T-Shirt/nowherefast,1.8
S002453608,0,WB Denim,4.8
S002453634,0,Sports Bra,1.5
S002453635,0,WA Tank,1.07
S002453637,0,WD Dress Long/aakaa,4.55
S002453642,0,Hair Clip,0.6
S002453643,0,Hair Clip,0.6
S002453644,0,Hair Clip,0.6
S002453672,0,MT T-Shirt,1.07
S002453685,0,WB Shorts/2pc,1.8
S002453696,0,WB Pants,3.3
S002453697,0,WB Skirt Long/VINTAGE/maren,1.8
S002453699,0,WT T-Shirt L/S,1.33
S002453706,0,WA Skirt/blue,1.5
S002453708,0,WA Pants,3.6
S002453709,0,WT Long Sleeve,2.4
S002453758,0,WB Pants,3.9
S002453765,0,WT Long Sleeve,3
S002453772,0,Jewelry / Brighton Cross Bracelet,2
S002453785,0,WA Long Sleeve,3.3
S002453804,0,WB Pants,3.3
S002453812,0,WB Denim,4.8
S002453869,0,WT LW Sweater,3.9
S002453896,0,W Swimwear/top,1.5
S002453924,0,WT Long Sleeve,3
S002453926,0,Purse Large,16
S002453940,0,WT T-Shirt L/S,2.7
S002453942,0,WT T-Shirt L/S,2.7
S002453943,0,WT T-Shirt L/S,2.7
S002453944,0,WT Long Sleeve,3.9
S002453978,0,WT T-Shirt L/S,2.4
S002454004,0,WB Pants,3.3
S002454005,0,WT T-Shirt,2.1
S002454006,0,WT T-Shirt L/S,2.1
S002454011,0,WT T-Shirt L/S,2.7
S002454024,0,WB Shorts,2.4
S002454031,0,WT Long Sleeve,3
S002454041,0,WA Pants,3
S002454055,0,WT T-Shirt L/S,2.4
S002454061,0,WD Dress Short,3.96
S002454065,0,WD Dress Short,3.96
S002454091,0,WT T-Shirt,1.8
S002454093,0,WT T-Shirt,1.2
S002454098,0,W Athletic Shoe/Rainbow,10
S002454099,0,W Athletic Shoe/Pink,11.4
S002454103,0,WT T-Shirt L/S/Splash,1.5
S002454157,0,WT T-Shirt,1.8
S002454185,0,WT Long Sleeve,3
S002454205,0,WA Pants,7
S002454220,0,MB Shorts,5.6
S002454243,0,WT Long Sleeve,2.4
S002454244,0,WT Long Sleeve,3.9
S002454251,0,WT Long Sleeve,3.25
S002454308,0,WB Pants,3.9
S002454332,0,WB Pants,3.3
S002454346,0,WD Dress Short,4.62
S002454427,0,WB Pants,4.5
S002454448,0,WT T-Shirt L/S,2.7
S002454464,0,MA Pants,3
S002454487,0,WD Dress Long,4.55
S002454494,0,WB Denim,4.8
S002454495,0,WT T-Shirt,1.8
S002454496,0,WT Long Sleeve,3.9
S002454501,0,MT T-Shirt,1.8
S002454523,0,W Sandals Syn,4.2
S002454535,0,WB S/S BodySuit,2.4
S002454543,0,Backpack,1.6
S002454559,0,WT Long Sleeve,2.4
S002454561,0,WB Pants,4.5
S002454581,0,MT S Sleeve,1.5
S002454599,0,WT Long Sleeve,3
S002454600,0,WT Long Sleeve,3
S002454604,0,WB Pants,3.9
S002454614,0,WT T-Shirt L/S,1.8
S002454617,0,WT T-Shirt L/S,2.4
S002454622,0,WT T-Shirt L/S,1.8
S002454665,0,MT L Sleeve,3.6
S002454685,0,WT T-Shirt L/S,2.1
S002454700,0,WT T-Shirt L/S,2.4
S002454706,0,WB Denim,4.55
S002454734,0,WB Denim,4.8
S002454736,0,WT T-Shirt,1.8
S002454796,0,Earrings/mickeymouse,2
S002454818,0,WT S Sleeve/lavenderfield,1.8
S002454845,0,WT LW Sweater,3.25
S002454853,0,Sports Bra/ethika,1.33
S002454896,0,WD Dress Short,2.45
S002455005,0,WB Denim,6.5
S002455007,0,WB Denim,4.8
S002455016,0,WB Denim,3.9
S002455035,0,Jewelry,0.8
S002455039,0,Sports Bra,2.4
S002455056,0,WA Shorts,2.1
S002455063,0,WT Long Sleeve / Bride&Bette,1.5
S002455136,0,WT T-Shirt L/S,1.8
S002455173,0,WD Dress Long/blush,2.4
S002455176,0,M Athletic Shoe/black,11.4
S002455184,0,W Athletic Shoe,8.36
S002455294,0,MB Pants,3.9
S002455306,0,WB Pants / ChoppShop,4.5
S002455350,0,MT S Sleeve,2.4
S002455351,0,MT S Sleeve,2.4
S002455354,0,WB Skirt Short,2.6
S002455363,0,Purse Large / Pink,2.4
S002455364,0,Purse Small / Pink,1.5
S002455365,0,Purse Small / Pink,1.5
S002455366,0,Purse Small / Pink,1.5
S002455367,0,Purse Small / Pink,1.5
S002455368,0,Purse Large / Black,3.25
S002455369,0,Purse Small / Tan UrbanOriginals,2.1
S002455383,0,WB Pants,3.3
S002455412,0,WT Long Sleeve,2.4
S002455447,0,MB Pants,3.9
S002455466,0,WB Skirt Short,2.6
S002455479,0,WA Shorts,2.97
S002455482,0,WT T-Shirt L/S,2.1
S002455491,0,M Athletic Shoe/gold,9.5
S002455564,0,MA Shorts,4.2
S002455585,0,WT T-Shirt L/S,2.1
S002455587,0,WT Long Sleeve,3.9
S002455591,0,Purse Large,3.15
S002455635,0,WT T-Shirt L/S,1.8
S002455672,0,W Swimwear,1.8
S002455687,0,WA Pants,5.85
S002455725,0,WB Skirt Short,1.33
S002455740,0,WT T-Shirt L/S,1.8
S002455754,0,WA Shorts,3
S002455766,0,MB Pants,4.88
S002455795,0,W Casual Shoe Syn,12
S002455819,0,WB Black,4.8
S002455845,0,WB Pants,3.9
S002455868,0,WD Dress Short,2.45
S002455915,0,WB Pants,3.9
S002455944,0,WB Skirt Short,2.45
S002455959,0,WB Pants,3.9
S002455964,0,MT T-Shirt / 2PAC,1.8
S002455990,0,WD Dress Long / BOG,3.6
S002456016,0,M Athletic Shoe / White,15.2
S002456063,0,WB Black,3
S002456064,0,WT Long Sleeve,2.4
S002456099,0,WB Pants/micas,2.7
S002456130,0,WT Long Sleeve,3
S002456135,0,WT Long Sleeve,2.4
S002456145,0,WT T-Shirt,1.8
S002456147,0,MT T-Shirt L/S,2.4
S002456156,0,WB Denim,5.33
S002456158,0,WB Pants,3.9
S002456171,0,MA Long Sleeve,3.3
S002456178,0,WB Pants,2.7
S002456181,0,W Swimwear Top / 2pc,1.8
S002456182,0,W Swimwear Bottom / 2pc,1.8
S002456188,0,MB Denim,3.9
S002456214,0,WT T-Shirt L/S,3
S002456248,0,WD Dress Short,3.96
S002456251,0,WD Jumpsuit,3
S002456262,0,WD Dress Long,3
S002456301,0,WT T-Shirt L/S,2.4
S002456351,0,WT Long Sleeve,3
S002456362,0,Socks/alo,1.65
S002456364,0,Bodysuit,4.2
S002456409,0,WD Dress Long,4.55
S002456411,0,WA Tank/orangesquareneck,1.6
S002456412,0,WD Dress Long,3.9
S002456414,0,WD Dress Long,3.9
S002456416,0,WD Dress Long/swimcoverup,3.9
S002456418,0,WD Dress Long,4.55
S002456435,0,WD Dress Short,1.98
S002456488,0,WA Shorts,2.97
S002456496,0,WD Dress Long,2.4
S002456503,0,WB Khakis,4.88
S002456536,0,Jewelry / Silver Set Earring,1.5
S002456540,0,Jewelry / Silver S Earrings,0.8
S002456547,0,Jewelry / Silver Ring,0.6
S002456549,0,Jewelry / Silver Necklace,2
S002456551,0,Jewelry / 2 Hairclips,1.5
S002456558,0,WD Dress Long/NSR,4.67
S002456565,0,WD Dress Long,8
S002456580,0,WB Pants,3.3
S002456604,0,WT T-Shirt L/S/Kirious,2.7
S002456619,0,WA Shorts,2.7
S002456630,0,WT Long Sleeve,3.9
S002456649,0,WD Dress Long,4.55
S002456652,0,Jewelry / ClearBead Bracelet,0.8
S002456656,0,WB Pants,3.9
S002456658,0,WB Pants,3.9
S002456675,0,WT Tank,1.8
S002456676,0,WT Long Sleeve,2.4
S002456680,0,WT Long Sleeve,3
S002456695,0,WD Dress Long,8
S002456725,0,W Athletic Shoe,8.36
S002456755,0,WA Pants,4.2
S002456770,0,WB Pants,3.3
S002456804,0,WB Pants,4.5
S002456807,0,WT Long Sleeve,2.4
S002456808,0,WB Pants,3.3
S002456832,0,Belt/brpwn,2.4
S002456845,0,WT Long Sleeve,3
S002456854,0,WB Pants,3.3
S002456857,0,WB Pants,4.5
S002456859,0,WB Pants,3.9
S002456862,0,WB Pants,3.9
S002456870,0,WB Pants,3.9
S002456873,0,WB Pants,3.3
S002456899,0,MT T-Shirt,2.6
S002456908,0,WB Denim,2.7
S002456916,0,WB Black,3.6
S002456926,0,WT Long Sleeve,3
S002456929,0,WT Long Sleeve,1.5
S002456933,0,WT Tank / Angel,1
S002456936,0,WT Long Sleeve,2.4
S002456945,0,WT Long Sleeve,2.4
S002456954,0,WT T-Shirt,1.5
S002456983,0,WT Long Sleeve,3.9
S002456988,0,WD Dress Long /morilee,7.6
S002457042,0,WD Dress Long,3
S002457053,0,WB Pants,3.3
S002457067,0,Jewelry / Silver Ring,0.6
S002457069,0,Jewelry / Silver Ring,0.6
S002457072,0,Jewelry / Silver Ring,0.6
S002457074,0,Jewelry / Silver Ring,0.6
S002457087,0,1 Cat Lanyard,0.9
S002457100,0,MT LW Sweatshirt,1.8
S002457101,0,Men's Messenger Bag,4.9
S002457144,0,WT Long Sleeve,3.9
S002457160,0,WB Skirt Short,1.2
S002457163,0,WD Dress Long/swimcoverup,2.4
S002457202,0,WD Dress Long,6.4
S002457249,0,MB Denim,5.85
S002457257,0,WD Dress Long / Taylor,4.67
S002457275,0,Jewelry / Gold Heart Necklace,1.5
S002457381,0,WT Long Sleeve,3
S002457403,0,MB Pants,3.9
S002457413,0,MB Denim,4.2
S002457416,0,WT Long Sleeve,2.4
S002457418,0,WT Long Sleeve,3
S002457424,0,WT Long Sleeve,2.4
S002457493,0,MB Shorts,1.87
S002457535,0,WD Dress Short,2.4
S002457548,0,WB Denim,4.55
S002457567,0,WT Long Sleeve,3.9
S002457586,0,Sports Bra,3
S002457590,0,WB Shorts,3.6
S002457602,0,WT Long Sleeve,3.9
S002457603,0,WT Long Sleeve,3
S002457605,0,WD Dress Long,4.67
S002457628,0,WD Dress Short/horoscope,4.2
S002457633,0,WB Denim,4.8
S002457645,0,WT Long Sleeve,3.25
S002457661,0,WD Dress Long,4.67
S002457670,0,WB Pants,2.7
S002457682,0,WB Pants,3.9
S002457683,0,WB Pants,5.95
S002457686,0,WB Khakis,4.5
S002457687,0,WB Pants,4.5
S002457700,0,WD Dress Short,2.1
S002457715,0,WT Tank,1.3
S002457754,0,MT T-Shirt/g-star,1.8
S002457760,0,WT T-Shirt,1.8
S002457770,0,WD Dress Short,2.45
S002457795,0,WD Dress Long/candalite,2.4
S002457832,0,WB Pants,5.95
S002457844,0,WB Pants,3.9
S002457863,0,WA Tank/macaca,2.1
S002457894,0,Purse Small/blackflower,1.25
S002457921,0,WD Dress Short,4.2
S002457938,0,WB Black/zoe+pheobe,4.2
S002457965,0,WB F/W BodySuit,2.7
S002458011,0,WB Shorts,1.33
S002458012,0,WB Shorts,1.33
S002458013,0,WB Shorts,1.33
S002458053,0,M Athletic Shoe/As Is/685153-001,9.5
S002458054,0,W Athletic Shoe/CD4372-501,9.5
S002458055,0,W Athletic Shoe/as is/BQ2728-601,7.6
S002458056,0,M Athletic Shoe/553558-611,15.2
S002458057,0,M Athletic Shoe/553558-611,15.2
S002458058,0,M Athletic Shoe/854262-001,13.3
S002458059,0,W Athletic Shoe/BQ6166-403,8.36
S002458060,0,M Athletic Shoe/CW5458-100,11.4
S002458061,0,W Athletic Shoe/PURPLE,7.6
S002458062,0,M Athletic Shoe/DH5392-001,11.4
S002458063,0,M Athletic Shoe/AQ0927-100,9.5
S002458064,0,M Athletic Shoe/AQ0926-001,9.5
S002458065,0,M Athletic Shoe/CW5456-100,9.5
S002458082,0,WT Long Sleeve / CasualFreedom,2.4
S002458112,0,Sports Bra,1.5
S002458113,0,Sports Bra,1.5
S002458123,0,WB Pants,4.5
S002458125,0,WB Khakis,4.5
S002458146,0,Necklace/mom,2
S002458147,0,Bracelet/mom,2
S002458150,0,Ring/pinkbox,0.8
S002458158,0,WT Tank,1.3
S002458166,0,Jewelry,0.8
S002458184,0,Hat,2.4
S002458243,0,WA Short Sleeve,4.8
S002458293,0,WT Tank,1.8
S002458309,0,MB Shorts,3.9
S002458320,0,WB Pants,3.3
S002458322,0,WB Pants,2.7
S002458325,0,WD Dress Long/coverup,2.1
S002458359,0,WD Dress Long,2.1
S002458370,0,WB Pants,3.3
S002458386,0,WB Pants,3.3
S002458387,0,WB Black,3.6
S002458406,0,WB Khakis,4.5
S002458418,0,WT Long Sleeve,2.4
S002458419,0,WT Long Sleeve,2.4
S002458421,0,WT Long Sleeve,2.4
S002458422,0,WT Long Sleeve,2.4
S002458423,0,WD Dress Long,4.67
S002458462,0,WT Tank,1.3
S002458473,0,WB Pants,3.3
S002458475,0,WB Pants,3.3
S002458490,0,WB Pants,3.3
S002458491,0,WB Pants,3.3
S002458502,0,WB Black,3
S002458504,0,WB Pants,3.9
S002458520,0,WB Pants,3.9
S002458538,0,WB Pants,3.3
S002458558,0,WT Long Sleeve,2.4
S002458560,0,Sports Bra,2.1
S002458570,0,WT S Sleeve,1.8
S002458577,0,Jewelry / Strawberry Earrings,1.5
S002458592,0,WT Long Sleeve,2.4
S002458609,0,WB F/W BodySuit/tan,1.8
S002458624,0,WD Dress Long / Honey&Sparkle,4.67
S002458664,0,WT T-Shirt,1.8
S002458673,0,WT T-Shirt L/S,1.8
S002458686,0,WD Dress Long,4.67
S002458687,0,WD Dress Long,3
S002458695,0,WA Pants,3
S002458733,0,WB Khakis,3.9
S002458743,0,WB Pants/styleme,3.9
S002458749,0,WT T-Shirt,1.8
S002458775,0,WA Long Sleeve / 2 pc,4.2
S002458825,0,WB Skirt Short,1.65
S002458828,0,WD Dress Short,3.96
S002458838,0,MA Pants,5.2
S002458859,0,WD Dress Long,3.96
S002458863,0,WT T-Shirt L/S,1.33
S002458865,0,WA Pants/Bechamel,1.8
S002458880,0,W Swimwear,1.8
S002458881,0,WD Dress Short,1.8
S002458889,0,WT Tank,1.33
S002458893,0,WD Dress Short,3.96
S002458923,0,WT T-Shirt L/S,1.8
S002458924,0,WT T-Shirt L/S,2.1
S002458926,0,WT T-Shirt L/S,2.4
S002458959,0,WT T-Shirt L/S,2.1
S002458962,0,WA Tank,1.6
S002458965,0,WD Dress Short,3.96
S002458973,0,WT T-Shirt L/S,2.1
S002458974,0,WT T-Shirt L/S,1.8
S002458975,0,WT T-Shirt L/S,1.8
S002458982,0,WA Pants,2.4
S002458998,0,WB Pants,3.9
S002459033,0,WD Dress Long/pq,2.4
S002459048,0,WT Long Sleeve,3.9
S002459055,0,WB Black,4.2
S002459075,0,WA Tank/nikibiki,1.6
S002459076,0,WA Tank/nikibiki,1.6
S002459077,0,WA Tank/ododos,1.6
S002459116,0,WT T-Shirt L/S,2.1
S002459118,0,WB Skirt Short,3.3
S002459120,0,WB Pants/Rollas,3.9
S002459121,0,WB Pants,4.5
S002459122,0,WB Pants,4.5
S002459126,0,MT LW Sweatshirt,5.6
S002459129,0,WB S/S BodySuit,1.5
S002459145,0,WT Long Sleeve,2.4
S002459155,0,WD Dress Short/Arc & Co,3.96
S002459158,0,WT T-Shirt L/S,2.4
S002459181,0,WB Skirt Long,2.4
S002459230,0,M Casual Shoe Syn,4.2
S002459232,0,W Casual Shoe Syn,3.5
S002459243,0,WA Tank,1.33
S002459250,0,WB Pants,2.7
S002459263,0,MB Pants,5.7
S002459342,0,MB Pants,3.9
S002459356,0,WB Pants,4.5
S002459369,0,MA Shorts,4.2
S002459381,0,MT LW Sweatshirt,3.25
S002459412,0,WT Long Sleeve,3
S002459441,0,WD Dress Long,3.9
S002459444,0,WB Skirt Short/2pc,1.3
S002459446,0,WD Dress Long,2.4
S002459449,0,WD Dress Long,3.9
S002459477,0,WA Long Sleeve,3
S002459483,0,WT T-Shirt,1.8
S002459490,0,WT Long Sleeve,1.5
S002459492,0,WA Shorts,3
S002459512,0,WT LW Sweater,3.9
S002459539,0,M Athletic Shoe / Black,7.6
S002459566,0,W Athletic Shoe/DX3705-001,15.2
S002459584,0,MO Light,3.3
S002459604,0,MO Light/americanbreed,4.8
S002459610,0,WA Shorts,2.1
S002459628,0,WB Pants,3.9
S002459635,0,WD Dress Long,6.84
S002459637,0,WD Dress Long,4.55
S002459658,0,MT T-Shirt,1.8
S002459661,0,MT T-Shirt,2.6
S002459683,0,MT T-Shirt,2.1
S002459692,0,WB Denim,3.3
S002459705,0,WT Long Sleeve,3
S002459710,0,WT Long Sleeve,3
S002459719,0,Jewelry,0.6
S002459720,0,Jewelry,0.6
S002459722,0,Jewelry,0.6
S002459723,0,WD Dress Short,4.2
S002459726,0,WD Dress Long,4.55
S002459727,0,WT Long Sleeve,4.55
S002459748,0,WT LW Sweatshirt,7.6
S002459750,0,W Swimwear,1.5
S002459759,0,WD Dress Long,3
S002459762,0,WA Pants,2.4
S002459769,0,WB Pants,3.9
S002459770,0,WB Pants,3.9
S002459780,0,WD Dress Long,8.8
S002459783,0,WD Dress Long,4.55
S002459798,0,WT Long Sleeve,2.4
S002459802,0,WT Long Sleeve,3.9
S002459809,0,MB Pants,3.9
S002459834,0,WD Dress Long,4.55
S002459865,0,WT Tank,1.3
S002459868,0,M Athletic Shoe / Black,9.5
S002459917,0,WD Dress Short,3.96
S002459918,0,WD Dress Short,5.6
S002459919,0,WD Dress Long,7.2
S002459920,0,WD Dress Short,3.96
S002459922,0,WD Dress Long,4.67
S002459937,0,WT T-Shirt L/S,2.1
S002459939,0,WT T-Shirt / StrawberryShortcake,1.5
S002459942,0,WT Long Sleeve,2.4
S002459943,0,WT Long Sleeve,2.4
S002459944,0,WT Long Sleeve,3
S002459969,0,WD Dress Long,7.2
S002459971,0,WA Short Sleeve,3.6
S002459997,0,MB Pants,3.9
S002460001,0,WT T-Shirt L/S,2.4
S002460006,0,WT Long Sleeve/midnighthour,3
S002460007,0,WB Denim,4.8
S002460029,0,MT T-Shirt,1.2
S002460052,0,MB Denim,3.9
S002460061,0,WT T-Shirt L/S,1.8
S002460076,0,MT T-Shirt,2.1
S002460077,0,WB Pants,3.9
S002460092,0,M Athletic Shoe,7.6
S002460102,0,WT Long Sleeve,3.9
S002460131,0,WT T-Shirt L/S,1.8
S002460147,0,WA Pants,10
S002460199,0,WT Long Sleeve,3
S002460200,0,WT T-Shirt,1.5
S002460209,0,neckalace,0.6
S002460215,0,WT LW Sweater,2.4
S002460219,0,WD Dress Long,8
S002460257,0,WT Tank,0.9
S002460265,0,WT LW Sweatshirt,3.9
S002460271,0,WA Pants / Blue,1.8
S002460298,0,MA Long Sleeve,4.2
S002460301,0,MT L Sleeve,3.9
S002460307,0,MT T-Shirt,2.4
S002460396,0,WB Pants,2.7
S002460401,0,Phone Case/otofly,1.3
S002460409,0,Hat,2.4
S002460418,0,WT T-Shirt L/S,1.8
S002460423,0,MB Denim,3.9
S002460456,0,WT Long Sleeve,2.4
S002460459,0,WT LW Sweater,4.62
S002460463,0,WD Dress Long,7.6
S002460466,0,WA Pants,2.4
S002460486,0,MB Pants/THRT,3.9
S002460489,0,M Athletic Shoe,13.3
S002460525,0,WT T-Shirt L/S,1.8
S002460526,0,WT T-Shirt L/S,1.5
S002460530,0,socks,2.45
S002460568,0,WT Long Sleeve,3
S002460576,0,MA Shorts,4.2
S002460581,0,MA Long Sleeve,5.85
S002460588,0,WT Long Sleeve,2.4
S002460589,0,WT Long Sleeve,3.6
S002460635,0,WB Skirt Short,2.6
S002460636,0,WB Skirt Short,3.3
S002460637,0,WB Skirt Short,1.65
S002460638,0,WB Skirt Short,1.65
S002460639,0,WT T-Shirt,2.7
S002460641,0,WD Dress Long,4.67
S002460643,0,WD Dress Long,4.67
S002460644,0,WD Dress Short,3.96
S002460645,0,WD Dress Long,4.67
S002460646,0,WD Dress Long,3
S002460648,0,WT T-Shirt,1.8
S002460652,0,WT LW Sweatshirt,5.2
S002460653,0,WD Dress Short,2.4
S002460654,0,WB Skirt Short,1.65
S002460655,0,WB Skirt Short,3.3
S002460656,0,Sunglasses,0.8
S002460659,0,Sunglasses,0.8
S002460669,0,earings/ pink heart,0.6
S002460693,0,bracelet/ silver crystal,0.6
S002460694,0,bracelet/ ankor,0.6
S002460696,0,braclet/ black,0.6
S002460697,0,bracelet/ pink,0.6
S002460699,0,WT S Sleeve,1.8
S002460701,0,MT T-Shirt,2.1
S002460703,0,MT T-Shirt /Bluey,1.33
S002460704,0,MT T-Shirt,1.33
S002460706,0,MT T-Shirt,2.1
S002460707,0,WT S Sleeve,1.07
S002460709,0,WT S Sleeve,1.07
S002460710,0,WT S Sleeve,1.8
S002460753,0,WB Overalls,5.2
S002460759,0,MT L Sleeve,3
S002460765,0,WD Dress Long,4.67
S002460798,0,WA Tank,1.6
S002460813,0,WT Long Sleeve,4.55
S002460814,0,WT Long Sleeve,4.55
S002460815,0,WB Pants,5.95
S002460816,0,WB Pants,5.95
S002460818,0,WT Long Sleeve,4.55
S002460834,0,Duffel,16
S002460841,0,Sunglasses,1.5
S002460847,0,MT S Sleeve,2.1
S002460890,0,W Athletic Shoe,6.08
S002460915,0,WD Dress Long,3.96
S002460918,0,WT Long Sleeve,2.4
S002460919,0,WT Long Sleeve,3
S002460922,0,WD Jumpsuit,4.55
S002460924,0,WD Dress Long,6.4
S002460931,0,WD Dress Long,4.67
S002460937,0,WD Dress Short,3.96
S002460940,0,WA Tank,1.6
S002460947,0,WB Skirt Short,1.65
S002460967,0,WT T-Shirt L/S,2.1
S002460998,0,WB Pants,5.95
S002461001,0,WD Dress Long,4.67
S002461006,0,WB Pants,3.9
S002461010,0,WD Dress Long,7.2
S002461014,0,WB Pants,3.9
S002461015,0,WB Pants,3.9
S002461024,0,WB Pants,3.3
S002461054,0,M Athletic Shoe,13.3
S002461055,0,WB Pants,3.3
S002461056,0,WD Dress Long,4.67
S002461066,0,WB Black,2.4
S002461073,0,WB Khakis,3.3
S002461091,0,WT T-Shirt L/S,2.1
S002461096,0,Purse Small,2.92
S002461098,0,WD Dress Long,6.4
S002461100,0,WB Pants,3.9
S002461102,0,WB Pants,3.9
S002461103,0,WD Dress Short,3.96
S002461104,0,WD Dress Long,4.67
S002461112,0,WB S/S BodySuit,2.4
S002461113,0,WD Dress Long,3
S002461156,0,WB Pants,2.7
S002461159,0,M Athletic Shoe,11.4
S002461164,0,WD Dress Long,3
S002461174,0,WB Denim,3.9
S002461192,0,WD Dress Long,2.4
S002461258,0,WD Dress Long,4.55
S002461263,0,WD Dress Long,3
S002461277,0,WT Long Sleeve,3.25
S002461278,0,WT Long Sleeve,1.8
S002461303,0,WB Pants,5.95
S002461307,0,WD Dress Short,2.45
S002461348,0,WO Light / PinkLadies,2.7
S002461356,0,WB Pants,3.9
S002461369,0,WA Skirt,8.8
S002461376,0,W Sandals Flips,2.31
S002461390,0,WB Pants,3.9
S002461400,0,WD Dress Long,8
S002461407,0,WD Dress Long / YIMEILI,3.6
S002461408,0,WD Dress Long / SwimCoverUp,4.67
S002461409,0,WD Dress Long,7.2
S002461421,0,WD Dress Long / Green,2.4
S002461431,0,WD Dress Long,7.2
S002461444,0,WB Pants,3.3
S002461481,0,WB Pants,3.9
S002461500,0,WT Long Sleeve,3
S002461519,0,MA Pants,5.85
S002461523,0,WD Dress Long,3
S002461555,0,WD Dress Long,3
S002461556,0,Earings,1.3
S002461586,0,WA Tank,1.6
S002461592,0,W Swimwear/Bottom,1.5
S002461596,0,W Swimwear/Bottom,1.5
S002461602,0,W Swimwear/Bottom,1.5
S002461608,0,W Swimwear/Bottom,1.5
S002461622,0,W Swimwear/Bottom,1.5
S002461623,0,W Swimwear/Top,1.5
S002461624,0,W Swimwear/Bottom,1.5
S002461627,0,WB Pants,3.9
S002461628,0,WB Pants,3.9
S002461634,0,WD Dress Short,5.6
S002461644,0,WD Jumpsuit,3
S002461660,0,MB Shorts,3.9
S002461665,0,Halloween Costume/mymelody,2.45
S002461674,0,WD Dress Short,4.55
S002461676,0,WD Dress Long / rebelmoon,3.9
S002461680,0,WD Dress Short,3
S002461682,0,WD Dress Long,3
S002461684,0,WD Dress Long,2.4
S002461685,0,WD Dress Long,3.9
S002461713,0,MT T-Shirt,1.07
S002461789,0,MA Short Sleeve,3
S002461791,0,Purse Small,2.4
S002461792,0,WB Khakis,3.3
S002461796,0,WB Pants,3.9
S002461799,0,WD Dress Long,3
S002461800,0,WT LW Sweatshirt,4.88
S002461803,0,Hat,2.4
S002461812,0,MT T-Shirt L/S,1.5
S002461818,0,WB Pants,3.9
S002461829,0,MA Pants,4.2
S002461856,0,WT Long Sleeve,2.4
S002461861,0,WT Long Sleeve,1.8
S002461866,0,WD Dress Short,5.6
S002461884,0,WB Pants,3.9
S002461908,0,WB Skirt Short,4
S002461930,0,WB Denim,4.8
S002461943,0,WB Overalls,5.2
S002461958,0,WO Light,9.5
S002462070,0,WA Pants,7
S002462077,0,WB S/S BodySuit,2.4
S002462108,0,Purse Small,16
S002462134,0,WT Long Sleeve,3.9
S002462156,0,Sunglasses/blue,1.3
S002462169,0,Jewelry / Choker Set,0.8
S002462170,0,Jewelry / Hands,0.8
S002462171,0,Jewelry / Skull,0.6
S002462187,0,WB Overalls,3.6
S002462215,0,WB Pants,5.95
S002462230,0,WD Dress Short,4.62
S002462259,0,WT LW Sweatshirt,1.8
S002462265,0,WT Long Sleeve,2.4
S002462266,0,WT Long Sleeve,1.8
S002462268,0,WD Dress Long,7.2
S002462284,0,WT T-Shirt L/S,2.1
S002462291,0,M Athletic Shoe / Purple,15.2
S002462303,0,MB Pants,3.3
S002462338,0,WT Long Sleeve,3.6
S002462368,0,WT LW Sweatshirt,2.4
S002462379,0,MB Denim,5.85
S002462393,0,WT Long Sleeve,3
S002462414,0,WA Pants,12
S002462459,0,WT Long Sleeve,3.25
S002462465,0,WB Bralette,2.45
S002462504,0,WD Dress Short / YourInspiration,3.96
S002462507,0,MA Long Sleeve,6.5
S002462510,0,WA Pants,4.2
S002462512,0,WT LW Sweatshirt / SimplyPerfect,3
S002462532,0,WA Shorts,1.5
S002462537,0,WT Long Sleeve,2.4
S002462541,0,WT LW Sweatshirt,5.2
S002462545,0,WT LW Sweatshirt,2.4
S002462573,0,WD Jumpsuit/whitefloral,2.4
S002462583,0,WT Long Sleeve,3.6
S002462630,0,WT T-Shirt L/S,1.8
S002462633,0,WD Jumpsuit/Emma and Michele,4.55
S002462641,0,WD Dress Short,3
S002462653,0,WD Dress Long,3
S002462656,0,WD Dress Short,2.7
S002462666,0,WA Shorts/sportswear,1.5
S002462672,0,Purse Small,2.1
S002462679,0,WT T-Shirt L/S,1.8
S002462693,0,WT T-Shirt L/S,1.5
S002462698,0,WT Tank,1.8
S002462712,0,WT Long Sleeve / AmazingLace,3
S002462723,0,WT Tank,3
S002462727,0,WD Dress Long,4.55
S002462729,0,WD Dress Short,3.9
S002462766,0,WD Dress Long,4.67
S002462823,0,MB Denim/As Is,6.5
S002462884,0,WB Pants,2.7
S002462893,0,MA Short Sleeve,3.6
S002462897,0,MA Short Sleeve,3.6
S002462903,0,WB Denim,4.8
S002462917,0,WT Long Sleeve,3.6
S002462926,0,WD Dress Short,4.62
S002462934,0,WT LW Sweatshirt,3
S002462945,0,MA Jacket,12
S002463003,0,WT Long Sleeve,3
S002463004,0,WB Pants,2.7
S002463012,0,WD Jumpsuit,7.6
S002463015,0,WB Shorts  / 2pc,1.8
S002463022,0,WD Dress Long,4.67
S002463028,0,WD Dress Long,2.4
S002463032,0,WT T-Shirt,1.5
S002463038,0,WA Shorts,3
S002463052,0,WD Dress Short,3.96
S002463053,0,WD Dress Long,4.67
S002463091,0,WD Dress Long,2.4
S002463095,0,WT LW Sweatshirt,3
S002463097,0,WD Dress Long,3.9
S002463114,0,WT LW Sweatshirt,5.2
S002463124,0,WA Tank,1.6
S002463169,0,WA Pants,7
S002463189,0,Purse Small,2.92
S002463192,0,WA Shorts,3
S002463201,0,WB Denim,5.94
S002463263,0,WA Shorts,2.97
S002463302,0,Purse Small,3.25
S002463312,0,MA Shorts,2.4
S002463364,0,WT Tank,1.8
S002463366,0,WB Pants,3.3
S002463388,0,WT LW Sweatshirt/pinkfloyd,3
S002463392,0,WT LW Sweater,3
S002463393,0,WT LW Sweatshirt/pacificrepublic,2.4
S002463394,0,Headband,0.9
S002463413,0,WT LW Sweatshirt,2.4
S002463414,0,WT LW Sweatshirt,3
S002463415,0,W Dress Shoe Syn,2.67
S002463421,0,WT LW Sweatshirt,3
S002463428,0,WB Pants,3.3
S002463429,0,WB Pants,4.5
S002463431,0,WT LW Sweatshirt,5.2
S002463432,0,MA Shorts,5.2
S002463435,0,W Athletic Shoe,7.6
S002463436,0,W Dress Shoe Syn,3.33
S002463439,0,WD Dress Long,4.67
S002463443,0,WB Denim,3.9
S002463465,0,WT LW Sweatshirt,2.4
S002463506,0,WD Dress Short,4.2
S002463507,0,WB Pants,2.4
S002463514,0,WB Pants,2.7
S002463523,0,WB Black,3
S002463524,0,WB Black,3
S002463525,0,WB Black,3
S002463552,0,WT LW Sweatshirt,3
S002463573,0,MA Shorts,3.6
S002463582,0,WB Pants,4.5
S002463612,0,WB Pants/pinstripe,2.7
S002463618,0,WB Pants,3.3
S002463643,0,MA Shorts,4.2
S002463646,0,WT LW Sweatshirt,5.85
S002463648,0,WT LW Sweatshirt,5.2
S002463649,0,WT LW Sweatshirt,5.2
S002463666,0,MB Shorts,4.67
S002463698,0,WT LW Sweatshirt,1.8
S002463700,0,WT HW Sweatshirt/taylorswift,3
S002463708,0,WA Long Sleeve,3
S002463782,0,WB Pants,2.7
S002463821,0,WT LW Sweatshirt,3
S002463868,0,Jewelry / Red Earrings,0.8
S002463870,0,Gold Hairclips,0.6
S002463916,0,WB Skirt Short,2.6
S002463964,0,WB Pants,3.3
S002463967,0,M Athletic Shoe,7.6
S002463972,0,WB Pants,3.9
S002464018,0,WA Pants,7
S002464033,0,WD Jumpsuit,4.55
S002464034,0,WB Pants,3.9
S002464039,0,WT Long Sleeve,3
S002464042,0,WA Pants,3
S002464071,0,WB Denim,5.33
S002464072,0,WB Denim,5.33
S002464082,0,MB Denim,3
S002464089,0,WB Skirt Short,4
S002464090,0,WB Pants,3.9
S002464092,0,WD Dress Long,7.2
S002464093,0,WB Pants,3.3
S002464096,0,WT Long Sleeve,3
S002464102,0,WT LW Sweatshirt,5.2
S002464104,0,WB Pants,5.95
S002464105,0,WB Pants,3.3
S002464149,0,WB Skirt Short/2pc,1.65
S002464154,0,WT Long Sleeve,3
S002464158,0,WB Pants,2.7
S002464159,0,WA Jacket,1.8
S002464160,0,MT S Sleeve,2.1
S002464167,0,WA Long Sleeve,2.1
S002464169,0,WB Pants,3.9
S002464175,0,Purse Small,4.9
S002464185,0,MT T-Shirt,1.8
S002464270,0,WT Long Sleeve,3.25
S002464296,0,WT Long Sleeve,1.5
S002464298,0,WD Dress Short,1.8
S002464315,0,WA Pants,3
S002464316,0,WT LW Sweatshirt,3
S002464364,0,WT LW Sweatshirt,2.4
S002464374,0,WD Dress Long,2.4
S002464385,0,WA Tank,1.6
S002464408,0,WB Skirt Short,1.95
S002464492,0,WD Dress Short,2.4
S002464515,0,WT Long Sleeve,1.5
S002464529,0,WT Long Sleeve,2.4
S002464540,0,WT LW Sweatshirt,3
S002464545,0,WT LW Sweater,3.9
S002464574,0,WT Long Sleeve,3
S002464586,0,WT LW Sweatshirt,4.88
S002464592,0,WB Pants,5.95
S002464598,0,WB Pants,3.9
S002464625,0,WT LW Sweatshirt,3.9
S002464629,0,WB Pants,2.7
S002464630,0,WD Dress Short,3.96
S002464635,0,WB Pants,3.3
S002464647,0,M Athletic Shoe,7.6
S002464650,0,WT Long Sleeve,3
S002464718,0,MT T-Shirt,1.5
S002464746,0,WB Shorts,2.4
S002464754,0,WB S/S BodySuit,2.1
S002464755,0,WD Dress Long/floral,2.1
S002464757,0,WD Dress Long,2.4
S002464789,0,WD Dress Long/joliejoy,2.4
S002464799,0,WB Pants,3.9
S002464813,0,WT Long Sleeve/wildfang,2.4
S002464832,0,Makeup Case,2.45
S002464838,0,WT LW Sweatshirt,2.4
S002464878,0,WD Dress Short/futurecollective,3.9
S002464882,0,WD Jumpsuit,3
S002464885,0,WB Pants,3.9
S002464888,0,WB Skirt Long,2.4
S002464890,0,WB Pants,3.3
S002464907,0,WD Jumpsuit/&merci,3.9
S002464919,0,WB Black,3.6
S002464931,0,WB S/S BodySuit,1.5
S002464951,0,WB Denim,5.33
S002464952,0,WB Pants,3.3
S002464957,0,W Athletic Shoe / Black White,9.5
S002464977,0,WB Skirt Short,1.2
S002464995,0,WD Dress Long,2.4
S002465000,0,WT LW Sweatshirt,3.9
S002465006,0,MT S Sleeve,2.1
S002465007,0,MT S Sleeve,2.1
S002465030,0,WB Pants/crossfire,3.9
S002465031,0,WB Pants,3.3
S002465038,0,WT LW Sweatshirt,4.88
S002465099,0,WB Pants,3.9
S002465105,0,WD Dress Long,3.96
S002465112,0,WT LW Sweatshirt,3
S002465117,0,WD Dress Long / camaleau,2.4
S002465133,0,WD Dress Long/huskary,3
S002465153,0,WT LW Sweatshirt,3
S002465164,0,WT LW Sweatshirt,4.55
S002465185,0,WB Pants,3.9
S002465187,0,WB Pants,3.3
S002465189,0,WB Black,4.2
S002465195,0,WB Shorts,3
S002465197,0,WD Dress Long,7.2
S002465198,0,WB Skirt Long,3.9
S002465205,0,WA Shorts,2.4
S002465222,0,WB Pants,4.5
S002465230,0,WD Dress Long,6.4
S002465236,0,MB Shorts,3.9
S002465237,0,MB Denim,5.85
S002465246,0,MB Overalls,4.5
S002465247,0,WB Pants,3.9
S002465283,0,M Athletic Shoe,26.6
S002465292,0,WD Dress Short,2.45
S002465304,0,MT T-Shirt,1.8
S002465319,0,MT T-Shirt,1.8
S002465343,0,WB Pants,3.9
S002465353,0,WB Pants,4.5
S002465364,0,WA Pants,2.4
S002465392,0,WA Long Sleeve,4.2
S002465399,0,WB Pants,3.9
S002465422,0,MB Khaki,3
S002465443,0,WA Jacket,4.2
S002465444,0,MO Light,4.8
S002465485,0,WA Shorts,3
S002465498,0,WB Black/ettelo,2
S002465499,0,WB Pants/1412,3.9
S002465503,0,WB Pants/7thavenue,2.7
S002465508,0,Bracelet/black,4.55
S002465510,0,Bracelet/blackheart,2
S002465515,0,Necklace/pendantheart,1.5
S002465516,0,Necklace/silverlayers,0.8
S002465524,0,MB Pants/hustle,2.7
S002465561,0,MA Pants,4.2
S002465591,0,WB Skirt Short / Sanrio,3.25
S002465619,0,WD Dress Long,5.6
S002465666,0,WB Pants,3.3
S002465668,0,WD Dress Long,6.4
S002465670,0,WD Dress Long,6.4
S002465725,0,WB Skirt Short,1.65
S002465770,0,WA Shorts,3
S002465775,0,WD Dress Long,3
S002465804,0,WD Dress Long,4.67
S002465812,0,WB Denim,4.8
S002465818,0,WD Dress Long,4.67
S002465839,0,Purse Large/beachbag,4.2
S002465849,0,W Swimwear/2pc,2.1
S002465850,0,W Swimwear/2pc,2.1
S002465897,0,WT T-Shirt,1.8
S002465912,0,WD Dress Long,2.4
S002465967,0,Sports Bra,4.2
S002465977,0,Sports Bra,2.4
S002465980,0,WA Shorts,3
S002465982,0,Sports Bra,7.6
S002466002,0,WA Shorts / Black,2.7
S002466044,0,Jewelry (ring),0.4
S002466046,0,Jewelry (ring),0.4
S002466049,0,Jewelry (ring),0.4
S002466051,0,Jewelry (ring),0.4
S002466054,0,Jewelry/ pink necklace,0.6
S002466125,0,WA Short Sleeve,2.7
S002466187,0,Clutch / Red,11.4
S002466201,0,Clutch / Grey,6.3
S002466215,0,WA Short Sleeve,3.3
S002466243,0,WD Dress Short,2.45
S002466253,0,WT Long Sleeve,2.4
S002466269,0,WT Long Sleeve,2.4
S002466276,0,WB Denim,5.33
S002466318,0,WT S Sleeve,1.07
S002466326,0,WT S Sleeve,1.8
S002466329,0,WD Dress Short,2.45
S002466331,0,WB Pants,3.9
S002466342,0,WT Long Sleeve,1.8
S002466343,0,WD Dress Long,3.6
S002466366,0,WB Pants,3.3
S002466377,0,Purse Small,4.9
S002466445,0,MA Tank,1.8
S002466449,0,MA Tank/asrv,5.85
S002466582,0,WT Long Sleeve,3
S002466584,0,WD Dress Long,3
S002466590,0,WB Denim,6
S002466597,0,WB Denim,6.5
S002466608,0,WB Pants,5.95
S002466613,0,WD Dress Long,4.67
S002466624,0,Backpack,4.67
S002466637,0,WA Pants,1.8
S002466652,0,WT T-Shirt L/S,1.33
S002466657,0,WB Pants,3.9
S002466662,0,WB Shorts,3.6
S002466673,0,WT T-Shirt L/S,2.4
S002466681,0,WA Pants,2.4
S002466693,0,WB Pants,4.5
S002466696,0,WD Dress Short,3.96
S002466700,0,WD Dress Short,3
S002466721,0,WD Dress Short,3.96
S002466769,0,MT T-Shirt,1.8
S002466775,0,WD Dress Short,3.96
S002466780,0,W Dress Shoe Syn,2.67
S002466794,0,Hat/LA,1.6
S002466804,0,WB Pants,3.3
S002466856,0,WB Pants,3.9
S002466900,0,MA Shorts / Blue Clouds,1
S002466965,0,WA Long Sleeve,5.85
S002466975,0,WT LW Sweater / Vest Blue,2.4
S002467024,0,WB Pants,3.9
S002467032,0,WA Pants,5.2
S002467081,0,WB Shorts,1.33
S002467106,0,WB Pants,3.3
S002467108,0,WB Khakis,3.9
S002467109,0,WB Pants,2.7
S002467114,0,WT Tank / LineaDonatella,1.8
S002467135,0,MA Short Sleeve,2.1
S002467145,0,WB Denim/As Is,2.7
S002467211,0,MT T-Shirt/TNMT,1.8
S002467229,0,WA Pants,9.5
S002467273,0,WD Dress Short,2.4
S002467282,0,WD Dress Short,3.96
S002467301,0,WA Pants,5.85
S002467324,0,WB Denim,5.94
S002467334,0,M Athletic Shoe/DD1391-002,20.9
S002467360,0,WT T-Shirt L/S,2.1
S002467404,0,phone case,1.65
S002467406,0,W Boots Syn,4.9
S002467415,0,WB Shorts,3.6
S002467417,0,WB Pants,3.9
S002467429,0,WA Tank/readytogo,1.6
S002467435,0,WT LW Sweater,1.87
S002467446,0,WB Pants,3.9
S002467497,0,WA Pants,3.6
S002467504,0,Sports Bra,1.8
S002467510,0,Sports Bra,1.8
S002467511,0,Sports Bra,1.8
S002467514,0,WB Denim,2.7
S002467542,0,WB Pants,3.3
S002467543,0,WB Khakis,4.5
S002467547,0,Rings/gold,0.4
S002467549,0,Rings/gold,0.4
S002467552,0,Rings/gold,0.6
S002467568,0,WB Skirt Short,2.6
S002467571,0,WB Pants,3.9
S002467607,0,WA Shorts,2.7
S002467615,0,WB Pants,3.9
S002467659,0,WB Pants,4.5
S002467661,0,WB Pants,4.5
S002467690,0,WB Skirt Short,1.65
S002467703,0,WD Dress Short,2.45
S002467712,0,WB Skirt Short,3
S002467718,0,WD Dress Long,4.67
S002467740,0,WD Dress Long,2.4
S002467749,0,MT T-Shirt/halfevil,1.33
S002467752,0,MA Shorts,3.6
S002467768,0,MT T-Shirt,1.8
S002467785,0,WB Pants,3.3
S002467786,0,WT S Sleeve,2.1
S002467820,0,WB Denim,4.2
S002467851,0,MB Pants,3.3
S002467935,0,W Casual Shoe Syn,4.9
S002467943,0,MT S Sleeve,2.7
S002467958,0,WT Long Sleeve,3
S002467960,0,WT Long Sleeve/maddennyc,3
S002467992,0,WB Denim,6
S002468030,0,WT S Sleeve,2.1
S002468045,0,WA Pants / Grey,1.8
S002468061,0,WT T-Shirt L/S,1.5
S002468074,0,Jewelry (bracelet),0.8
S002468078,0,WT Tank / Black,1.8
S002468096,0,WT Tank/fashiononearth,1.5
S002468103,0,WA Shorts,3.6
S002468119,0,WT Tank,1.3
S002468124,0,WA Shorts,2.97
S002468226,0,WT Long Sleeve,2.4
S002468228,0,WT T-Shirt L/S,2.1
S002468229,0,WT T-Shirt L/S,2.1
S002468237,0,WA Pants/darkgray,2.4
S002468252,0,WT LW Sweatshirt/girlytomboy,3.6
S002468261,0,WT T-Shirt L/S,1.8
S002468270,0,Sunglasses/purple,0.9
S002468273,0,Bracelet/chain,0.6
S002468321,0,WT Long Sleeve,3.25
S002468322,0,WT Long Sleeve,3.25
S002468330,0,WA Tank,1.33
S002468393,0,WT Long Sleeve,2.4
S002468396,0,WT Long Sleeve / AvidLove,3
S002468415,0,Sports Bra,4.2
S002468421,0,WT Long Sleeve,2.4
S002468494,0,WD Dress Long,4.67
S002468508,0,WT T-Shirt,1.8
S002468517,0,MB Shorts,4.67
S002468528,0,WT Long Sleeve,3.9
S002468550,0,WB Skirt Short,2.6
S002468557,0,WA Shorts,3
S002468558,0,WA Long Sleeve,2.4
S002468559,0,WA Long Sleeve,2.4
S002468560,0,WA Long Sleeve,2.4
S002468565,0,WT T-Shirt L/S,2.1
S002468587,0,WA Tank,6.3
S002468598,0,MA Pants,4.2
S002468600,0,WB Skirt Short,2.4
S002468610,0,WT Long Sleeve,2.4
S002468666,0,WB Pants,3.3
S002468679,0,WA Tank,1.07
S002468698,0,WB Pants / 2 pc,2.7
S002468700,0,WB Pants / 2 pc,2.7
S002468776,0,WA Tank,1.07
S002468797,0,WT Long Sleeve / WalkingDead,3
S002468839,0,WB Shorts,2.4
S002468855,0,WB Denim,4.8
S002468862,0,WT Long Sleeve,3
S002468869,0,WB Skirt Short,4
S002468870,0,WB Pants,3.9
S002468873,0,WD Jumpsuit,4.55
S002468913,0,WT Tank,1.5
S002468937,0,WT T-Shirt L/S,1.8
S002468941,0,W Swimwear,5.6
S002469000,0,WT Tank/bandana,0.6
S002469006,0,WD Dress Long/farm,2.4
S002469040,0,MO Light,9.5
S002469041,0,MO Light,12
S002469042,0,MO Light,8.05
S002469057,0,W Boots Syn,4.9
S002469129,0,WD Dress Long,4.67
S002469133,0,MA Long Sleeve,10
S002469141,0,WT T-Shirt L/S,2.1
S002469147,0,Purse Large,16
S002469148,0,M Athletic Shoe,6.3
S002469179,0,WB Denim,4.8
S002469215,0,WB Skirt Short,2.6
S002469225,0,WT Long Sleeve,3.25
S002469229,0,WB Pants,3.3
S002469230,0,WB Pants,3.3
S002469234,0,WB Pants,3.9
S002469242,0,WB S/S BodySuit,2.4
S002469252,0,WB Pants,3.9
S002469295,0,WB Pants,3.9
S002469324,0,WT Tank,1.98
S002469351,0,keychain plush,4.9
S002469357,0,choker,0.8
S002469402,0,WD Dress Short,2.45
S002469409,0,WD Dress Long,4.67
S002469437,0,Purse Small / Rose Gold,6.3
S002469453,0,M Athletic Shoe / Black,15.2
S002469463,0,WA Tank / Blue,1.33
S002469495,0,WB Pants,3.9
S002469501,0,WA Shorts,3
S002469525,0,MB Shorts,6.3
S002469537,0,WD Dress Long,3
S002469547,0,WA Shorts / 2 pc,2.4
S002469551,0,WA Romper,7.6
S002469569,0,WT Long Sleeve,3
S002469582,0,MT T-Shirt L/S / Bayside,1.5
S002469585,0,WT Long Sleeve / IllaIlla,3
S002469592,0,WT Long Sleeve,3.9
S002469667,0,WB Pants,3.9
S002469685,0,Earings/Fashionearings,3.5
S002469687,0,Earings,2.45
S002469726,0,WT Long Sleeve,1.8
S002469727,0,WB Pants,2.1
S002469762,0,WD Dress Long,3.9
S002469772,0,WD Dress Long,3.9
S002469790,0,Sports Bra,4.2
S002469817,0,WT Long Sleeve,2.4
S002469824,0,WD Dress Long / PrettyRebellious,4.67
S002469827,0,WD Dress Long/emma&michelle,4.67
S002469844,0,WD Dress Long,3
S002469872,0,MA Long Sleeve,3.6
S002469883,0,WA Tank,3
S002469908,0,WA Tank,3
S002469938,0,WD Dress Long,4.55
S002469940,0,MT T-Shirt,2.6
S002469949,0,MB Shorts,4.67
S002469977,0,WT Long Sleeve,3
S002470020,0,WT LW Sweatshirt,2.4
S002470050,0,WD Dress Short,4.62
S002470052,0,WT LW Sweatshirt,5.2
S002470070,0,WT T-Shirt,1.8
S002470098,0,WB Black,2
S002470115,0,MO Light,3.3
S002470116,0,WT LW Sweatshirt,1.8
S002470117,0,Purse Large/gray,2.4
S002470126,0,WT Tank,1.3
S002470130,0,WT LW Sweatshirt / Green,2.4
S002470133,0,WT LW Sweatshirt,5.2
S002470136,0,WB Pants,4.5
S002470142,0,WB Pants,4.5
S002470202,0,W Athletic Shoe,15.2
S002470209,0,WO Light,7
S002470233,0,WA Shorts,1.5
S002470242,0,WB Pants,4.5
S002470258,0,WT Tank,1.8
S002470261,0,WT LW Sweatshirt,5.2
S002470328,0,WT LW Sweatshirt,3
S002470329,0,MO Light,9.5
S002470338,0,WA Tank,1.6
S002470351,0,WB Skirt Short/scoop,1.2
S002470382,0,MT T-Shirt,1.5
S002470389,0,WA Pants,2.4
S002470425,0,WA Pants,2.4
S002470457,0,WA Shorts,2.1
S002470464,0,M Athletic Shoe (As is),19
S002470475,0,WO Light/FUINLOTH,3.9
S002470490,0,WT Long Sleeve,2.4
S002470497,0,MT LW Sweater,4.55
S002470507,0,WT T-Shirt L/S,2.1
S002470515,0,WT T-Shirt,1.5
S002470521,0,WT LW Sweatshirt,1.8
S002470543,0,WA Short Sleeve,1.87
S002470546,0,WB Skirt Short,1.95
S002470556,0,WT Long Sleeve,2.4
S002470570,0,WB Pants,2.7
S002470573,0,MA Shorts,1.8
S002470574,0,MT T-Shirt / Celtics,1.8
S002470610,0,WT LW Sweatshirt,3
S002470622,0,WT Long Sleeve,1.5
S002470628,0,WA Tank,3
S002470630,0,WT LW Sweatshirt,2.4
S002470631,0,WT Long Sleeve,1.8
S002470640,0,W Sandals Leather,7.6
S002470642,0,WB Pants,3.3
S002470651,0,WT Long Sleeve,1.5
S002470670,0,WT LW Sweatshirt,2.4
S002470674,0,MA Shorts,3.6
S002470721,0,WD Dress Long/kiki,2.4
S002470737,0,WB Skirt Short,2.4
S002470747,0,WA Long Sleeve,1.6
S002470779,0,W Boots Syn,3.3
S002470798,0,WB Skirt Short,2.4
S002470806,0,MB Pants/26waist,3.9
S002470821,0,WA Shorts,1.5
S002470863,0,WD Dress Short,4.2
S002470871,0,WD Dress Short,2.45
S002470883,0,Sports Bra,1.5
S002470894,0,WD Dress Long,7.2
S002470913,0,WB Denim,4.8
S002470917,0,Sports Bra,2.1
S002470970,0,WT Long Sleeve,3
S002470972,0,WT Long Sleeve,3
S002471031,0,WA Pants/offlineLegging,3
S002471093,0,MB Shorts,3.9
S002471100,0,WD Dress Long,2.4
S002471104,0,WB Denim,3.9
S002471108,0,WD Dress Long,3
S002471115,0,WB S/S BodySuit,3.57
S002471182,0,WT Long Sleeve,3
S002471198,0,WB Pants,5.95
S002471248,0,WT T-Shirt L/S,1.8
S002471277,0,WD Dress Long,5.6
S002471279,0,WD Dress Short,5.6
S002471310,0,WB Black,3
S002471324,0,WB Pants,5.95
S002471331,0,WB Pants,4.5
S002471333,0,WT T-Shirt L/S,1.8
S002471335,0,WB Pants,3.9
S002471349,0,WT LW Sweater,4.55
S002471365,0,Jewelry-fairy set,2
S002471370,0,WB Skirt Short,3.3
S002471371,0,WT T-Shirt L/S,2.4
S002471374,0,WD Dress Short,1.8
S002471380,0,WB Skirt Short,2.6
S002471390,0,WT T-Shirt,1.8
S002471403,0,WT T-Shirt L/S,2.1
S002471432,0,WB Skirt Short,2.6
S002471443,0,W Athletic Shoe,13.3
S002471455,0,Jewelry,0.8
S002471473,0,WD Dress Long,4.67
S002471502,0,WT T-Shirt L/S,1.33
S002471538,0,WA Pants,1.8
S002471574,0,Jewelry/bigbracelet,1.5
S002471584,0,MA Tank,9.6
S002471587,0,MB Pants,4.88
S002471601,0,WD Dress Short,3.96
S002471651,0,WT Long Sleeve,2.4
S002471665,0,WD Dress Long,4.55
S002471720,0,WT Long Sleeve/kaktus,2.4
S002471723,0,MA Shorts,2.7
S002471739,0,WD Dress Long,4.55
S002471751,0,WB Shorts,4.55
S002471800,0,MT T-Shirt,1.07
S002471857,0,WD Dress Short,1.8
S002471867,0,WT Long Sleeve,3
S002471885,0,W Casual Shoe,3.5
S002471896,0,WT Tank,2.4
S002471900,0,WA Pants,4.2
S002471921,0,MB Shorts,1.87
S002471936,0,MT T-Shirt/disturbed,1.8
S002471945,0,WD Dress Long/white,2.4
S002471951,0,WD Dress Short/prettyangel,2.4
S002471953,0,WT Long Sleeve,1.8
S002471954,0,WT Long Sleeve,1.8
S002471993,0,WD Dress Long,5.6
S002472052,0,W Dress Shoe Syn,3.33
S002472097,0,WD Dress Long,3
S002472127,0,WD Dress Long,3.9
S002472145,0,WT LW Sweatshirt,1.8
S002472152,0,WT Long Sleeve,3.9
S002472157,0,WB Skirt Short,1.3
S002472176,0,WD Dress Long,4.55
S002472254,0,Purse Large / big brown,1.5
S002472270,0,MA Pants,5.2
S002472378,0,WB Skirt Short / sincerely jules,1.5
S002472380,0,WT T-Shirt L/S,2.1
S002472436,0,WB Denim,2.7
S002472470,0,WT Long Sleeve,3.9
S002472474,0,WT Long Sleeve,2.4
S002472485,0,M Athletic Shoe/AQ8979-002,15.2
S002472505,0,Hat,1.6
S002472527,0,WA Tank,2.4
S002472530,0,WD Dress Long,4.67
S002472532,0,WT Tank,1.3
S002472533,0,WD Dress Long,2.4
S002472548,0,WD Dress Long / Donna Ricco,2.4
S002472559,0,WA Shorts,3
S002472562,0,WB Skirt Short,2.6
S002472571,0,WT Long Sleeve,3
S002472588,0,WA Shorts,3
S002472629,0,WD Dress Short,3.96
S002472631,0,WD Dress Long,6.4
S002472640,0,WD Dress Long,6.4
S002472641,0,WD Dress Long,4.67
S002472646,0,WB Skirt Short,2.45
S002472647,0,WT Long Sleeve,2.4
S002472648,0,WT Long Sleeve,3.6
S002472731,0,W Sandals Flips,6.08
S002472748,0,WT LW Sweatshirt,5.2
S002472757,0,WA Shorts,2.7
S002472793,0,WB Pants,4.5
S002472795,0,WB Skirt Short,3.25
S002472806,0,Sports Bra,3.6
S002472891,0,MT T-Shirt / Red River,1.33
S002472914,0,WA Skirt,1.2
S002472946,0,WB Skirt Short,3.25
S002472949,0,WD Dress Long,6.4
S002472950,0,WD Dress Long,6.4
S002472952,0,WD Dress Long,4.67
S002472969,0,WD Dress Short,4.62
S002472971,0,Bracelet,0.9
S002473011,0,WT Tank,1.3
S002473015,0,WB Skirt Short,2.6
S002473020,0,WT LW Sweatshirt,3
S002473030,0,WT T-Shirt,2.1
S002473038,0,WB Pants,3.9
S002473044,0,WT T-Shirt L/S,2.4
S002473060,0,WB Pants,3.9
S002473063,0,WB Pants,3.9
S002473064,0,WB Pants,3.9
S002473066,0,Jewelry,0.8
S002473067,0,Jewelry,0.8
S002473071,0,Jewelry,0.8
S002473093,0,Purse Large,24
S002473096,0,WB Pants,2.7
S002473104,0,WD Jumpsuit,3
S002473110,0,WB Pants,2.7
S002473123,0,MB Pants,4.5
S002473143,0,MA Shorts,3.6
S002473157,0,W Boots Syn/billini,4.9
S002473168,0,WA Shorts,3
S002473173,0,WB Skirt Short,3.3
S002473196,0,WB Pants,3.9
S002473205,0,WT LW Sweatshirt,3.9
S002473212,0,MB Pants,3.3
S002473214,0,MA Pants,4.2
S002473234,0,WB Denim,4.55
S002473244,0,WB Shorts  / 2pc,2.4
S002473246,0,WB Shorts  / 2pc,2.4
S002473260,0,WD Dress Long,3
S002473301,0,WA Pants,3
S002473302,0,WB Pants/greencargos,3.9
S002473332,0,WD Dress Short,4.2
S002473350,0,WA Shorts,10
S002473369,0,Jewelry (bracelet),0.6
S002473373,0,Jewelry,0.4
S002473375,0,Jewelry,0.4
S002473378,0,Jewelry,0.4
S002473379,0,Jewelry,0.4
S002473405,0,WT LW Sweatshirt,3.6
S002473408,0,WT LW Sweatshirt,2.4
S002473414,0,Purse Large,4.2
S002473418,0,WB Skirt Short,3
S002473420,0,WB Pants,2.7
S002473432,0,M Athletic Shoe,17.1
S002473486,0,WD Dress Long,4.67
S002473506,0,WB Pants,3.9
S002473543,0,MA Short Sleeve,2.1
S002473553,0,WB Pants,3.3
S002473554,0,WB Pants,3.9
S002473568,0,WB Pants,3.9
S002473600,0,WB Pants,3.9
S002473620,0,WB Pants,3.3
S002473625,0,WT LW Sweatshirt,5.2
S002473628,0,WB Denim,3.9
S002473642,0,WT Long Sleeve,3
S002473644,0,WT Long Sleeve,3
S002473645,0,WB Pants,3.3
S002473650,0,WA Pants,4.2
S002473654,0,WT Long Sleeve,2.4
S002473655,0,WT Long Sleeve,3
S002473671,0,WB Pants,2.7
S002473672,0,WB Pants,2.7
S002473682,0,WT Long Sleeve,1.5
S002473698,0,WB S/S BodySuit,4.22
S002473728,0,WD Dress Long,3
S002473736,0,WT Long Sleeve,2.4
S002473738,0,WT Long Sleeve,2.4
S002473740,0,WD Dress Short,4.2
S002473742,0,WT Long Sleeve,3
S002473750,0,WA Pants,9.5
S002473753,0,WA Shorts,8.8
S002473761,0,WB Pants,2.7
S002473764,0,WD Dress Long,3
S002473789,0,MO Light / ChoiceApparel,3
S002473799,0,WT LW Sweatshirt,5.2
S002473810,0,WT Long Sleeve,2.4
S002473811,0,WT T-Shirt L/S / stripes,1.33
S002473816,0,WB S/S BodySuit,2.7
S002473818,0,WT Long Sleeve,2.4
S002473820,0,WB Pants,4.5
S002473831,0,WD Dress Long,3
S002473837,0,WT Long Sleeve,3
S002473880,0,WB F/W BodySuit,3
S002473889,0,WT Long Sleeve,2.4
S002473897,0,WT Long Sleeve,3.6
S002473900,0,WB Pants,4.5
S002473908,0,WA Tank,2.4
S002473921,0,WB Pants,3.9
S002473926,0,1 3 Pair Socks / Pink&Green,0.9
S002473938,0,WB Pants,4.5
S002473960,0,WT LW Sweatshirt,3
S002473964,0,WT LW Sweatshirt / Cowboys,2.4
S002473965,0,WT LW Sweatshirt,5.2
S002474011,0,WT LW Sweatshirt,2.4
S002474083,0,robe,2.45
S002474108,0,WB Shorts,3
S002474115,0,WA Shorts,2.97
S002474124,0,WT Long Sleeve,3
S002474125,0,WT T-Shirt,1.8
S002474135,0,WT T-Shirt,3.25
S002474143,0,WT LW Sweatshirt,3.6
S002474162,0,W Athletic Shoe / Black,9.5
S002474165,0,WA Jacket,6.5
S002474198,0,WB Skirt Short,3.3
S002474203,0,WA Long Sleeve / FLX,2.1
S002474219,0,WD Dress Long,6.4
S002474220,0,WD Dress Long,4.67
S002474252,0,WT LW Sweater,2.4
S002474260,0,WT Long Sleeve,2.4
S002474264,0,Purse Large,4.2
S002474292,0,MA Short Sleeve,3
S002474297,0,WT T-Shirt,1.2
S002474327,0,W Sandals Syn,6.08
S002474343,0,WA Shorts,1.5
S002474345,0,WT T-Shirt L/S,2.4
S002474390,0,WA Long Sleeve,2.1
S002474393,0,WT LW Sweatshirt,2.4
S002474394,0,WT LW Sweatshirt,3
S002474430,0,WB Denim,3.9
S002474506,0,Purse Small / Turq,6.3
S002474532,0,MT T-Shirt,1.8
S002474548,0,MT L Sleeve,3
S002474588,0,MA Tank,4.9
S002474629,0,1 Pair of Socks,1.3
S002474645,0,WT Long Sleeve,2.4
S002474658,0,WT S Sleeve,1.8
S002474661,0,WT T-Shirt,1.8
S002474667,0,WT LW Sweatshirt,3
S002474676,0,WB Shorts,2.4
S002474685,0,WA Pants,5.85
S002474707,0,WT LW Sweatshirt,3
S002474736,0,WT T-Shirt L/S,1.33
S002474738,0,M Athletic Shoe/asis,19
S002474742,0,WB Shorts,2.4
S002474750,0,M Athletic Shoe / white,19
S002474773,0,MT L Sleeve,1.8
S002474843,0,W Casual Shoe Syn,6.84
S002474907,0,Sports Bra,3
S002474914,0,WD Dress Short,2.45
S002474992,0,WA Tank,4.2
S002475116,0,MB Denim,5.85
S002475123,0,WD Dress Long,2.4
S002475206,0,WT Tank,1.3
S002475219,0,hair clip,1.3
S002475220,0,Claw Clip,0.6
S002475221,0,Claw Clip,0.6
S002475232,0,WD Dress Long,4.67
S002475237,0,WD Dress Short,3
S002475308,0,WA Short Sleeve,4.8
S002475456,0,WA Pants,8.74
S002475457,0,Sports Bra,6.5
S002475475,0,Sports Bra,3.3
S002475539,0,Bralette/S,2.1
S002475552,0,WD Dress Short,6.3
S002475553,0,WD Dress Short,6.8
S002475561,0,WD Dress Short,2.45
S002475564,0,MB Pants,3.3
S002475600,0,WB Shorts,3
S002475623,0,WD Dress Long,4.55
S002475630,0,M Athletic Shoe,13.3
S002475643,0,WB Denim,3.9
S002475690,0,MA Pants,3.6
S002475705,0,MT T-Shirt,1.8
S002475725,0,MB Pants,3.9
S002475891,0,WD Dress Short,4.62
S002475946,0,WA Short Sleeve,5.85
S002476012,0,MT T-Shirt,2.92
S002476014,0,WT S Sleeve,1.8
S002476015,0,MB Pants,5.61
S002476048,0,MA Short Sleeve,3
S002476080,0,WB Shorts,2.4
S002476112,0,Jewelry/anchor set,0.8
S002476150,0,Slippers Christmas,4.2
S002476167,0,Jewelry/green,0.6
S002476168,0,Jewelry/flower,0.6
S002476169,0,Jewelry/flower (stud),0.6
S002476170,0,Jewelry/ (stud,0.4
S002476171,0,Jewelry/ (stud,0.4
S002476172,0,Jewelry/ (stud,0.4
S002476173,0,Jewelry/ (stud,0.4
S002476174,0,Jewelry/ (stud,0.4
S002476175,0,Jewelry/ (stud,0.4
S002476176,0,Jewelry/ (stud,0.4
S002476177,0,Jewelry/ (stud,0.4
S002476178,0,Jewelry/ (stud,0.4
S002476207,0,Jewelry/earings,0.6
S002476212,0,Sports Bra,4.2
S002476223,0,MB Pants,4.88
S002476320,0,WB S/S BodySuit,2.7
S002476407,0,MT T-Shirt,1.5
S002476424,0,WA Pants,3.6
S002476521,0,M Athletic Shoe/926955 106,17.1
S002476542,0,W Athletic Shoe,7.6
S002476546,0,MT T-Shirt,1.8
S002476588,0,MB Denim,8.4
S002476601,0,MT T-Shirt,2.92
S002476616,0,Purse Large/ASIS,14
S002476631,0,WD Dress Short,3.96
S002476634,0,WB Denim,3.9
S002476636,0,WD Dress Short,4.62
S002476674,0,WT T-Shirt,2.7
S002476693,0,MT T-Shirt,1.8
S002476694,0,Purse Small,2.1
S002476721,0,MT T-Shirt,1.8
S002476771,0,Bralette/revibe,2.1
S002476858,0,W Dress Shoe Syn,2.67
S002476871,0,WD Jumpsuit/sooslick,4.55
S002476935,0,W Sandals Leather,6.08
S002476966,0,WB Denim,6.5
S002477021,0,W Swimwear/green top,1.5
S002477051,0,MT LW Sweatshirt,3.9
S002477124,0,WT T-Shirt,2.7
S002477141,0,WT T-Shirt L/S,1.8
S002477189,0,WB Skirt Short,2.6
S002477208,0,WA Pants,5.2
S002477219,0,WA Shorts,6.5
S002477240,0,Phone Case,1.3
S002477297,0,WT Long Sleeve,1.5
S002477321,0,WA Pants,12
S002477325,0,WB Denim,4.8
S002477330,0,MA Short Sleeve,10
S002477334,0,MA Shorts,9.6
S002477337,0,MA Short Sleeve,10
S002477338,0,MA Short Sleeve,10
S002477348,0,MA Short Sleeve,10
S002477388,0,WD Romper,3
S002477400,0,WD Dress Short,5.6
S002477420,0,WA Tank,3.3
S002477428,0,MB Pants,3.9
S002477483,0,MO Heavy,8.75
S002477490,0,WA Pants,7
S002477572,0,WB S/S BodySuit,2.4
S002477606,0,WB Skirt Short,1.65
S002477645,0,Sports Bra,1.8
S002477685,0,WA Shorts,3
S002477690,0,WA Tank,3.6
S002477714,0,WA Shorts,2.1
S002477798,0,W Casual Shoe Syn,1.8
S002477806,0,WD Dress Short,4.2
S002477820,0,WT Long Sleeve,2.4
S002477870,0,WB Skirt Short,1.65
S002477871,0,WB Shorts,1.8
S002477922,0,Sports Bra,1.8
S002477937,0,MT T-Shirt,2.1
S002477994,0,WA Shorts,3
S002477996,0,WT T-Shirt,1.8
S002477998,0,WA Tank/green,1.6
S002478024,0,MT T-Shirt / Salty crew,1.07
S002478186,0,WB Shorts,1.8
S002478272,0,MA Shorts,2.4
S002478285,0,MA Long Sleeve,6.5
S002478291,0,MT T-Shirt,1.8
S002478332,0,WA Tank,2.4
S002478335,0,WA Shorts,2.1
S002478338,0,WB Denim,4.5
S002478435,0,WT T-Shirt,1.8
S002478438,0,MO Light,4.8
S002478454,0,WD Romper,3
S002478480,0,WA Shorts,3.6
S002478484,0,WB Skirt Short,2.6
S002478485,0,WB Skirt Short,2.6
S002478494,0,WT Long Sleeve,3
S002478587,0,WB S/S BodySuit,4.22
S002478592,0,WA Shorts,2.1
S002478627,0,WA Shorts,3
S002478694,0,WB Denim,6.5
S002478701,0,WA Shorts,3.6
S002478740,0,WD Dress Long,5.6
S002478743,0,WT LW Sweatshirt,3
S002478781,0,WD Dress Short/Justidy,3.96
S002478877,0,WA Shorts / 2pc blue cheetah,2.7
S002478878,0,Sports Bra / 2pc blue cheetah,2.1
S002478881,0,WB Denim,4.8
S002478882,0,WB Denim,7.26
S002478904,0,WB F/W BodySuit,5.85
S002478919,0,WA Tank / black,1.6
S002478964,0,WB S/S BodySuit,4.22
S002478986,0,WB S/S BodySuit,2.7
S002479022,0,MT T-Shirt,1.8
S002479025,0,Sports Bra,4.5
S002479028,0,WA Shorts,4.8
S002479050,0,Sports Bra,7.6
S002479052,0,WB Shorts,2.4
S002479105,0,W Sandals Leather,5.25
S002479178,0,WB S/S BodySuit,2.1
S002479191,0,WT S Sleeve,2.1
S002479201,0,WB Skirt Long,3
S002479282,0,MB Shorts,2.4
S002479305,0,WD Dress Long,4.67
S002479357,0,WB Shorts,3
S002479381,0,WA Tank,1.6
S002479400,0,WA Tank,1.6
S002479425,0,Swim Trunks,2.4
S002479427,0,MT T-Shirt,1.07
S002479447,0,WA Long Sleeve,6.5
S002479504,0,WA Tank,1.6
S002479506,0,Sports Bra,3
S002479606,0,WA Tank,9.5
S002479681,0,Purse Small,6.3
S002479703,0,WT S Sleeve,1.8
S002479719,0,W Boots Syn,4.9
S002479733,0,WB Shorts,1.8
S002479753,0,MB Pants/hartschaffner,4.5
S002479763,0,WT S Sleeve,2.4
S002479775,0,MB Shorts,3.9
S002479793,0,WT T-Shirt,1.5
S002479824,0,Belt/white,1.8
S002479848,0,MT T-Shirt,2.6
S002479859,0,WA Tank,3
S002479867,0,WA Tank,3
S002479888,0,WA Tank,1.6
S002479908,0,WA Tank,6.08
S002479920,0,WA Tank/FLEO,1.6
S002479949,0,MT T-Shirt,1.8
S002479958,0,WA Pants,7
S002479962,0,WA Tank,3.6
S002479963,0,WA Tank,3.6
S002479967,0,WA Tank,3.6
S002479989,0,WA Tank,2.4
S002479991,0,WB Denim,3.9
S002480005,0,MO Light,3
S002480075,0,WT LW Sweatshirt,3
S002480095,0,MA Short Sleeve,4.2
S002480110,0,Hat,2.4
S002480124,0,MA Long Sleeve,2.1
S002480180,0,WA Tank,3
S002480184,0,WA Tank,3.6
S002480275,0,WA Long Sleeve,2.4
S002480320,0,WB Shorts,2.4
S002480355,0,MT T-Shirt,3.25
S002480362,0,MB Shorts,2.4
S002480381,0,Sports Bra,3
S002480410,0,WA Short Sleeve,1.8
S002480437,0,WB Denim,4.8
S002480449,0,WA Shorts,3.6
S002480466,0,MT T-Shirt,1.8
S002480474,0,Claw Clip,1.3
S002480475,0,Claw Clip,1.3
S002480476,0,Claw Clip,1.3
S002480480,0,MT T-Shirt,1.8
S002480492,0,WA Long Sleeve,2.4
S002480542,0,WA Short Sleeve,1.8
S002480567,0,WA Pants/asis,1.8
S002480602,0,WA Tank,1.6
S002480639,0,WT S Sleeve,1.8
S002480706,0,W Athletic Shoe/gw5609,9.5
S002480745,0,WB S/S BodySuit,2.4
S002480770,0,Jewelry / Ring,0.4
S002480771,0,Jewelry / Rings 2inbox,1.5
S002480773,0,Jewelry / 'P' Necklace,0.6
S002480796,0,WB Shorts,4.22
S002480815,0,WA Tank,1.6
S002480827,0,WA Pants,14
S002480893,0,Sports Bra,3.6
S002480946,0,WB Denim,6
S002480990,0,WA Shorts,3
S002481025,0,WD Dress Long,2.4
S002481026,0,WD Dress Long,4.55
S002481097,0,Sports Bra,3.6
S002481139,0,WD Dress Short,3.96
S002481243,0,WA Short Sleeve,2.7
S002481323,0,WO Light,3.3
S002481399,0,WA Tank,3.6
S002481563,0,WA Pants,5.85
S002481584,0,WA Tank,1.6
S002481645,0,WA Long Sleeve,2.1
S002481648,0,WB Shorts,2.4
S002481709,0,MT S Sleeve,3
S002481739,0,MT T-Shirt,1.8
S002481745,0,MA Short Sleeve,3.6
S002481869,0,WD Dress Long,3
S002481876,0,M Athletic Shoe (As is),11.4
S002481901,0,MT T-Shirt,1.8
S002481910,0,WT LW Sweatshirt,4.55
S002481938,0,MA Tank,4.9
S002481958,0,WB Denim,4.8
S002482004,0,MA Short Sleeve,3.6
S002482066,0,Sports Bra,2.4
S002482067,0,W Sandals Flips,2.97
S002482115,0,MT T-Shirt,1.33
S002482242,0,WA Shorts/green,2.7
S002482244,0,WA Shorts/blue,2.7
S002482247,0,WA Shorts,3
S002482276,0,WT S Sleeve,1.8
S002482298,0,WT LW Sweatshirt,2.4
S002482305,0,MA Shorts,1.8
S002482309,0,WA Shorts,2.1
S002482321,0,WA Tank,0.8
S002482335,0,Sports Bra,2.1
S002482347,0,MT T-Shirt,1.07
S002482363,0,WA Shorts,2.4
S002482364,0,WA Shorts,2.4
S002482378,0,WA Tank,2.4
S002482387,0,WA Short Sleeve,4.8
S002482403,0,WA Shorts,2.7
S002482417,0,WA Shorts,3
S002482432,0,WA Jacket,6.5
S002482443,0,WA Shorts,2.7
S002482444,0,WT LW Sweatshirt,5.2
S002482445,0,WA Shorts,3
S002482459,0,WB Skirt Short,1.65
S002482462,0,Purse Small,2.92
S002482465,0,WD Dress Long,3
S002482470,0,WA Shorts,2.1
S002482473,0,WA Long Sleeve,2.4
S002482477,0,WA Shorts,2.1
S002482486,0,WT LW Sweatshirt,2.4
S002482492,0,WA Shorts,3
S002482495,0,WA Shorts,2.4
S002482496,0,WA Shorts,3
S002482510,0,MT T-Shirt,1.8
S002482527,0,WT LW Sweatshirt,2.4
S002482532,0,WA Pants,2.4
S002482551,0,WB S/S BodySuit,3.57
S002482567,0,WO Light,8.74
S002482648,0,MA Shorts,12
S002482657,0,MA Short Sleeve,12
S002482663,0,WD Dress Long,3.9
S002482677,0,Sports Bra,2.4
S002482681,0,WA Shorts,2.7
S002482718,0,Sports Bra,4.2
S002482725,0,WA Pants,3
S002482748,0,MT T-Shirt,1.8
S002482803,0,WA Pants,14
S002482805,0,WD Dress Short,5.6
S002482807,0,W Casual Shoe Syn/green,5.25
S002482829,0,WA Tank/ododos,1.6
S002482831,0,WA Shorts,2.1
S002482838,0,WD Dress Long,2.7
S002482845,0,WT S Sleeve,1.8
S002482846,0,WD Dress Short,3.96
S002482848,0,WA Shorts,2.1
S002482882,0,MT T-Shirt/ mandalorian,2.4
S002482893,0,WA Tank,2.4
S002482898,0,WA Tank,2.4
S002482899,0,WA Shorts,3
S002482901,0,WA Shorts (Green),1.5
S002482934,0,Sports Bra/becca,2.4
S002482938,0,Sports Bra,1.8
S002482940,0,WA Shorts,2.1
S002482943,0,WA Tank,1.6
S002482952,0,Jewelry,0.6
S002482964,0,Bracelet/ flower,0.6
S002482965,0,neckalace/ cross,0.8
S002483008,0,MT T-Shirt,2.4
S002483009,0,MT T-Shirt,1.8
S002483011,0,MT T-Shirt,1.8
S002483072,0,WD Jumpsuit,4.55
S002483077,0,WA Shorts,3
S002483106,0,Sports Bra,4.2
S002483138,0,WA Tank,1.07
S002483179,0,MT T-Shirt,1.8
S002483204,0,WA Shorts,3
S002483246,0,WA Tank / 2 pc,2.1
S002483281,0,Backpack,7.2
S002483329,0,MT S Sleeve/manfinity,2.1
S002483330,0,MB Shorts,3.9
S002483353,0,Sports Bra,2.4
S002483355,0,Sports Bra,7.6
S002483372,0,WB Denim/billblass,4.8
S002483392,0,WA Shorts/(0) blue,8.8
S002483415,0,WA Tank,2.4
S002483478,0,WT L/S Bodysuit,4.55
S002483505,0,WD Dress Long,4.67
S002483518,0,WA Shorts,2.7
S002483521,0,WA Shorts,2.1
S002483530,0,WT T-Shirt,1.8
S002483540,0,WA Shorts,2.7
S002483544,0,WA Skirt,3.6
S002483556,0,WA Shorts,3
S002483557,0,WT T-Shirt,2.1
S002483560,0,WA Skirt,2.7
S002483592,0,WB Skirt Short,1.65
S002483639,0,WA Tank,1.33
S002483641,0,WA Tank,1.6
S002483799,0,MA Shorts/Peloton,3
S002483802,0,WD Dress Long,6.4
S002483844,0,WA Shorts,3.6
S002483849,0,WA Shorts,2.7
S002483884,0,Sports Bra,1.8
S002483893,0,WA Tank,1.33
S002483917,0,WA Shorts,2.7
S002483956,0,Watch/grey&silver,20
S002483966,0,MA Shorts,4.2
S002484005,0,WT T-Shirt,1.5
S002484170,0,WA Tank,2.1
S002484211,0,WA Tank,6.08
S002484231,0,MA Short Sleeve,2.1
S002484234,0,WT LW Sweatshirt/GREY,3
S002484243,0,WA Long Sleeve/GREEN,6.5
S002484259,0,WB Shorts/THE LAUNDRY ROOM,2.4
S002484309,0,WT LW Sweater/green,3.25
S002484328,0,WD Jumpsuit,4.55
S002484344,0,Sports Bra,4.2
S002484380,0,MT T-Shirt/EB,1.8
S002484435,0,MA Shorts,5.85
S002484471,0,WA Shorts,2.7
S002484478,0,WA Jacket,5.85
S002484502,0,W Sandals Flips,2.31
S002484503,0,W Sandals Flips,1.5
S002484504,0,Purse Small/bluebag,2.1
S002484518,0,WT Tank,1.3
S002484538,0,WB S/S BodySuit,3.57
S002484635,0,WB Skirt Short,3
S002484643,0,Sports Bra/incanto,2.4
S002484663,0,WA Pants,3
S002484669,0,WD Jumpsuit,6.3
S002484672,0,WD Dress Long,4.67
S002484677,0,WD Dress Short,2.45
S002484706,0,WA Shorts / 2pc BAG,1.6
S002484707,0,WA Jacket / 2pc BAG,3.6
S002484711,0,Purse Small,2.4
S002484713,0,WA Short Sleeve,6.84
S002484718,0,WT Tank,2.4
S002484719,0,WB S/S BodySuit,3.57
S002484731,0,Sports Bra/ black,2.4
S002484744,0,WT LW Sweatshirt,3
S002484754,0,MT S Sleeve,3.25
S002484756,0,MT T-Shirt,2.6
S002484803,0,WA Shorts/black,2.7
S002484823,0,W Sandals Syn/CharlesAlbert,2.64
S002484865,0,Sports Bra,1.33
S002484920,0,MA Long Sleeve,3.3
S002484953,0,MA Jacket,8.36
S002484964,0,MO Light,6
S002484972,0,WA Shorts,2.1
S002484995,0,WA Sweatpants,6.08
S002485004,0,WD Dress Short,4.62
S002485026,0,Jewelry/777/silver,1.5
S002485028,0,Jewelry/silver triangles,0.8
S002485040,0,WT LW Sweatshirt/grey,2.4
S002485044,0,WA Pants,4.2
S002485063,0,WB Denim,4.8
S002485096,0,MT S Sleeve,2.1
S002485125,0,WA Tank,6.3
S002485126,0,WA Tank,2.4
S002485128,0,MA Pants,4.2
S002485160,0,Sports Bra,4.5
S002485171,0,WA Shorts,2.1
S002485195,0,MT T-Shirt/strangerthings,1.07
S002485233,0,WO Light,7.22
S002485307,0,WA Shorts,2.97
S002485321,0,WA Tank / Pro Fit,0.8
S002485324,0,WA Tank,1.33
S002485377,0,Baseball Hat / Las Vegas,1.33
S002485435,0,WT Long Sleeve,3.9
S002485494,0,Baseball Hat / lake girl,1.8
S002485500,0,WA Tank,1.6
S002485553,0,WT Tank,1.5
S002485558,0,MT T-Shirt/ghost face,1.8
S002485569,0,WA Shorts,2.7
S002485570,0,MT T-Shirt,1.8
S002485597,0,Baseball Hat,3.25
S002485598,0,MT T-Shirt/emi,1.8
S002485606,0,MT T-Shirt,1.8
S002485647,0,WA Long Sleeve,6.5
S002485678,0,MT T-Shirt,1.8
S002485696,0,WA Tank,3.6
S002485700,0,WB Denim,6.6
S002485709,0,WA Tank,2.4
S002485712,0,WA Tank,1.6
S002485725,0,Sports Bra,2.1
S002485729,0,WA Tank,2.4
S002485739,0,Sports Bra/bo+tee,2.1
S002485796,0,WT LW Sweatshirt,2.4
S002485799,0,WD Dress Long,4.55
S002485800,0,WT S Sleeve,2.1
Total,0,,398766.11
